source,hash,scheme,operation,total_log,elements_per_leaf,samples,standard_median_ns,variant_median_ns,speedup,latency_reduction_percent,standard_fallback
representative-final.csv,sha256,t5,commit,20,1,7,14160125.0,26399166.0,0.5363853161118802,-86.43314236279693,False
representative-final.csv,sha256,t5,verify,20,1,7,584.026,633.535,0.9218527784573859,-8.47719108395859,False
representative-final.csv,sha256,t8,commit,20,1,7,14160125.0,47452209.0,0.2984081310102971,-235.11151208057836,False
representative-final.csv,sha256,t8,verify,20,1,7,584.026,702.761,0.831044978306992,-20.33043049453278,False
representative-final.csv,sha256,t253,commit,20,1,7,14160125.0,14234271.0,0.9947910223150873,-0.5236253211041486,True
representative-final.csv,sha256,t253,verify,20,1,7,584.026,582.032,1.0034259284712868,0.3414231558183878,True
representative-final.csv,sha256,t5,commit,20,16,7,1151597.222,1846510.417,0.623661373040605,-60.343424048308435,False
representative-final.csv,sha256,t5,verify,20,16,7,505.867,524.455,0.96455749301656,-3.6744836093281386,False
representative-final.csv,sha256,t8,commit,20,16,7,1151597.222,3067392.857,0.3754319305308339,-166.35986944053255,False
representative-final.csv,sha256,t8,verify,20,16,7,505.867,596.827,0.8475940264096631,-17.98101081904928,False
representative-final.csv,sha256,t253,commit,20,16,7,1151597.222,1176490.778,0.9788408405186837,-2.1616547456381197,True
representative-final.csv,sha256,t253,verify,20,16,7,505.867,494.229,1.0235477885757414,2.30060470439859,True
representative-final.csv,sha256,t5,commit,20,64,7,586696.429,874461.792,0.6709228857880162,-49.04842585977287,False
representative-final.csv,sha256,t5,verify,20,64,7,499.126,542.52,0.92001400870014,-8.693997106942941,False
representative-final.csv,sha256,t8,commit,20,64,7,586696.429,846868.36,0.6927835029755982,-44.34523854925321,False
representative-final.csv,sha256,t8,verify,20,64,7,499.126,550.821,0.9061491845808347,-10.357104218173374,False
representative-final.csv,sha256,t253,commit,20,64,7,586696.429,554285.889,1.0584726052804134,5.524243611852642,False
representative-final.csv,sha256,t253,verify,20,64,7,499.126,511.986,0.9748821256831242,-2.576503728517454,False
representative-final.csv,sha256,t5,commit,20,256,7,488047.619,722919.433,0.6751065149468738,-48.12477407045805,False
representative-final.csv,sha256,t5,verify,20,256,7,704.884,885.398,0.7961210664582481,-25.609036380454086,False
representative-final.csv,sha256,t8,commit,20,256,7,488047.619,865575.0,0.5638420922508159,-77.3546199802278,False
representative-final.csv,sha256,t8,verify,20,256,7,704.884,1017.345,0.6928662351513006,-44.32800290544261,False
representative-final.csv,sha256,t253,commit,20,256,7,488047.619,401481.558,1.2156165315070337,17.737216130133394,False
representative-final.csv,sha256,t253,verify,20,256,7,704.884,632.374,1.1146631581943596,10.2867989626662,False
representative-final.csv,sha256,t5,commit,20,1024,7,447597.229,676876.273,0.6612689007640838,-51.224410953625465,False
representative-final.csv,sha256,t5,verify,20,1024,7,1695.277,2432.813,0.6968381869054465,-43.50533865557074,False
representative-final.csv,sha256,t8,commit,20,1024,7,447597.229,777961.407,0.5753463153474913,-73.80836086453968,False
representative-final.csv,sha256,t8,verify,20,1024,7,1695.277,2818.534,0.6014747382859316,-66.25802155046048,False
representative-final.csv,sha256,t253,commit,20,1024,7,447597.229,351940.678,1.2717973709194252,21.371122250625007,False
representative-final.csv,sha256,t253,verify,20,1024,7,1695.277,1356.342,1.249889039784951,19.992897915797826,False
representative-final.csv,sha256,t5,commit,20,16384,7,423040.843,655604.188,0.6452686708584602,-54.974206119384085,False
representative-final.csv,sha256,t5,verify,20,16384,7,22726.109,35041.867,0.6485416145207104,-54.19211005280313,False
representative-final.csv,sha256,t8,commit,20,16384,7,423040.843,719810.345,0.5877115353211546,-70.15150118732151,False
representative-final.csv,sha256,t8,verify,20,16384,7,22726.109,39303.262,0.5782244995339063,-72.94320818403186,False
representative-final.csv,sha256,t253,commit,20,16384,7,423040.843,324029.095,1.305564375322531,23.40477276327667,False
representative-final.csv,sha256,t253,verify,20,16384,7,22726.109,16786.282,1.3538500663815847,26.13657709729369,False
representative-final.csv,sha3_256,t5,commit,20,1,7,38661458.0,80413542.0,0.48078292584102317,-107.99407513291403,False
representative-final.csv,sha3_256,t5,verify,20,1,7,2676.873,2833.794,0.9446251209509231,-5.862101041028089,False
representative-final.csv,sha3_256,t8,commit,20,1,7,38661458.0,81362333.0,0.4751763693895061,-110.44817554475053,False
representative-final.csv,sha3_256,t8,verify,20,1,7,2676.873,2840.448,0.9424122532783562,-6.110674656586235,False
representative-final.csv,sha3_256,t5,commit,20,16,7,2609562.5,5199947.75,0.5018439848746558,-99.26511627906977,False
representative-final.csv,sha3_256,t5,verify,20,16,7,2155.272,2287.464,0.9422102380627629,-6.133425386679736,False
representative-final.csv,sha3_256,t8,commit,20,16,7,2609562.5,5246489.5,0.49739211333597444,-101.0486240509664,False
representative-final.csv,sha3_256,t8,verify,20,16,7,2155.272,2355.237,0.9150977162807818,-9.277947284611887,False
representative-final.csv,sha3_256,t5,commit,20,64,7,979750.0,2275708.333,0.4305252943853416,-132.27438969124776,False
representative-final.csv,sha3_256,t5,verify,20,64,7,2037.374,2365.874,0.8611506783539614,-16.123696483807095,False
representative-final.csv,sha3_256,t8,commit,20,64,7,979750.0,1363057.312,0.7187885581732605,-39.1229713702475,False
representative-final.csv,sha3_256,t8,verify,20,64,7,2037.374,2085.714,0.9768232844963404,-2.372662064009834,False
representative-final.csv,sha3_256,t5,commit,20,256,7,741828.857,2018891.6,0.36744362946480136,-172.15058850157402,False
representative-final.csv,sha3_256,t5,verify,20,256,7,2615.672,3827.173,0.6834475473149503,-46.31700763704316,False
representative-final.csv,sha3_256,t8,commit,20,256,7,741828.857,1360458.333,0.5452786307421588,-83.39247929795756,False
representative-final.csv,sha3_256,t8,verify,20,256,7,2615.672,2934.34,0.8914004512087896,-12.183026006318842,False
representative-final.csv,sha3_256,t5,commit,20,1024,7,642844.697,1945772.727,0.3303801559553877,-202.68161751671104,False
representative-final.csv,sha3_256,t5,verify,20,1024,7,5363.375,10428.482,0.514300643180858,-94.43880019577225,False
representative-final.csv,sha3_256,t8,commit,20,1024,7,642844.697,1213737.765,0.5296405167058471,-88.80730768476725,False
representative-final.csv,sha3_256,t8,verify,20,1024,7,5363.375,6713.509,0.7988929485310886,-25.173216491481586,False
representative-final.csv,sha3_256,t5,commit,20,16384,7,556554.842,1864055.5,0.298572033933539,-234.92755058988425,False
representative-final.csv,sha3_256,t5,verify,20,16384,7,63876.497,146081.021,0.4372675968632503,-128.69291188588505,False
representative-final.csv,sha3_256,t8,commit,20,16384,7,556554.842,1096026.316,0.5077933201742575,-96.93051489075002,False
representative-final.csv,sha3_256,t8,verify,20,16384,7,63876.497,86742.812,0.7363895120208923,-35.797697234399074,False
representative-final.csv,blake3,t5,commit,20,1,7,22547917.0,48653708.0,0.4634367641619422,-115.77916931306783,False
representative-final.csv,blake3,t5,verify,20,1,7,1181.261,1266.297,0.9328467176341727,-7.198747778856673,False
representative-final.csv,blake3,t8,commit,20,1,7,22547917.0,48725541.0,0.46275354849318145,-116.09774863017282,False
representative-final.csv,blake3,t8,verify,20,1,7,1181.261,1264.84,0.9339212864868284,-7.0754050121014656,False
representative-final.csv,blake3,t5,commit,20,16,7,1068563.579,3179029.714,0.33612884280200217,-197.50496615045122,False
representative-final.csv,blake3,t5,verify,20,16,7,946.406,1054.676,0.8973428806571876,-11.440121892718347,False
representative-final.csv,blake3,t8,commit,20,16,7,1068563.579,3187095.286,0.3352782025984271,-198.25977121385682,False
representative-final.csv,blake3,t8,verify,20,16,7,946.406,1049.872,0.9014489385372692,-10.932517333998316,False
representative-final.csv,blake3,t5,commit,20,64,7,614084.606,1442072.267,0.42583483508597286,-134.83283132487446,False
representative-final.csv,blake3,t5,verify,20,64,7,990.558,1084.297,0.9135485941582426,-9.463252025625968,False
representative-final.csv,blake3,t8,commit,20,64,7,614084.606,833139.423,0.7370730384943026,-35.671764909866496,False
representative-final.csv,blake3,t8,verify,20,64,7,990.558,941.28,1.0523521162672107,4.974771795291144,False
representative-final.csv,blake3,t5,commit,20,256,7,512969.512,1336726.562,0.3837505190534248,-160.5859667542971,False
representative-final.csv,blake3,t5,verify,20,256,7,1449.623,1959.234,0.7398927335887393,-35.154726435769845,False
representative-final.csv,blake3,t8,commit,20,256,7,512969.512,901122.9,0.5692558828546028,-75.66792546532474,False
representative-final.csv,blake3,t8,verify,20,256,7,1449.623,1443.976,1.0039107298182242,0.38954955874733743,False
representative-final.csv,blake3,t5,commit,20,1024,7,514028.944,1283828.471,0.4003875561348258,-149.7580118756892,False
representative-final.csv,blake3,t5,verify,20,1024,7,2238.534,5196.112,0.4308094205821584,-132.1212007501338,False
representative-final.csv,blake3,t8,commit,20,1024,7,514028.944,798780.462,0.6435171720562188,-55.39600859518916,False
representative-final.csv,blake3,t8,verify,20,1024,7,2238.534,3413.113,0.6558628442714907,-52.47090283194267,False
representative-final.csv,blake3,t5,commit,20,16384,7,466743.652,1248289.235,0.37390665473454954,-167.44643010163537,False
representative-final.csv,blake3,t5,verify,20,16384,7,27193.441,73923.54,0.36785902027960243,-171.8432727950832,False
representative-final.csv,blake3,t8,commit,20,16384,7,466743.652,733462.621,0.6363564258579988,-57.14463771646541,False
representative-final.csv,blake3,t8,verify,20,16384,7,27193.441,44089.652,0.6167760407816328,-62.13340562527561,False
scaling-final.csv,sha256,t8,commit,26,256,7,27533333.0,51591375.0,0.5336809301942428,-87.37787757116075,False
scaling-final.csv,sha256,t8,verify,26,256,7,888.61,1200.626,0.7401222362334315,-35.11281664622275,False
scaling-final.csv,sha256,t253,commit,26,256,7,27533333.0,22376750.0,1.2304437865194902,18.72850991196743,False
scaling-final.csv,sha256,t253,verify,26,256,7,888.61,826.271,1.0754461913827305,7.015338562473983,False
scaling-final.csv,sha256,t8,commit,26,16384,7,26027917.0,44895666.0,0.5797423074200525,-72.49043017925713,False
scaling-final.csv,sha256,t8,verify,26,16384,7,22700.306,39731.317,0.571345420037297,-75.02546881967143,False
scaling-final.csv,sha256,t253,commit,26,16384,7,26027917.0,19323708.0,1.346942160376259,25.75776232881025,False
scaling-final.csv,sha256,t253,verify,26,16384,7,22700.306,17176.958,1.3215556561295663,24.3316015211425,False
scaling-final.csv,sha3_256,t8,commit,26,256,7,40800000.0,80015333.0,0.509902270856012,-96.11601225490196,False
scaling-final.csv,sha3_256,t8,verify,26,256,7,3404.535,3797.181,0.8965953953735679,-11.53302873960762,False
scaling-final.csv,sha3_256,t8,commit,26,16384,7,34373125.0,68971750.0,0.49836527273847625,-100.65603578377002,False
scaling-final.csv,sha3_256,t8,verify,26,16384,7,65147.623,85853.168,0.7588260808267436,-31.782502640196107,False
scaling-final.csv,blake3,t8,commit,26,256,7,28664167.0,52271542.0,0.5483704115711757,-82.35848960829735,False
scaling-final.csv,blake3,t8,verify,26,256,7,1795.381,1784.712,1.0059779953292185,0.5942471263759685,False
scaling-final.csv,blake3,t8,commit,26,16384,7,28825208.0,45970333.0,0.6270393560124962,-59.479622835679116,False
scaling-final.csv,blake3,t8,verify,26,16384,7,27279.393,44496.827,0.6130637809298178,-63.11516535576871,False
