source,hash,scheme,operation,total_log,width_log,elements_per_leaf,leaf_bytes,samples,standard_median_ns,variant_median_ns,speedup_vs_standard,latency_reduction_percent,standard_native_calls,variant_native_calls,native_calls_reduction_percent,standard_native_leaf_calls,variant_native_leaf_calls,standard_fallback
lowcall-n20.csv,blake3,abr-wide,commit,20,0,1,4,7,22264291.0,19210250.0,1.1589797634075558,13.717216506018538,2097151,2097151,0.0,1,1,False
lowcall-n20.csv,blake3,abr-wide,commit,20,1,2,8,7,10052562.5,8310236.333,1.2096602427636398,17.33215950659347,1048575,1048575,0.0,1,1,False
lowcall-n20.csv,blake3,abr-wide,commit,20,2,4,16,7,5111552.0,4254608.4,1.2014153876065303,16.764841676265828,524287,524287,0.0,1,1,False
lowcall-n20.csv,blake3,abr-wide,commit,20,3,8,32,7,2948029.714,2470890.625,1.1931040913638176,16.185016274907195,262143,262143,0.0,1,1,False
lowcall-n20.csv,blake3,abr-wide,commit,20,4,16,64,7,1053868.75,1323778.625,0.7961064864603022,-25.611336800716412,131071,131071,0.0,1,1,False
lowcall-n20.csv,blake3,abr-wide,commit,20,5,32,128,7,816451.64,935804.909,0.8724592403265541,-14.618535030439773,98303,98303,0.0,2,2,False
lowcall-n20.csv,blake3,abr-wide,commit,20,6,64,256,7,610212.121,718750.0,0.8489907770434784,-17.78690970971386,81919,81919,0.0,4,4,False
lowcall-n20.csv,blake3,abr-wide,commit,20,7,128,512,7,548253.676,564476.351,0.9712606649131346,-2.958972408239724,73727,65535,11.1112618172447,8,7,False
lowcall-n20.csv,blake3,abr-wide,commit,20,8,256,1024,7,512584.341,473753.711,1.081963748459165,7.575461615593914,69631,57343,17.647312260343817,16,13,False
lowcall-n20.csv,blake3,abr-wide,commit,20,9,512,2048,7,901890.625,416808.824,2.1637992601615363,53.7849920548847,69631,53247,23.529749680458412,33,25,False
lowcall-n20.csv,blake3,abr-wide,commit,20,10,1024,4096,7,510954.357,380079.545,1.3443353206497868,25.613797046063745,69631,51199,26.470968390515715,67,49,False
lowcall-n20.csv,blake3,abr-wide,commit,20,11,2048,8192,7,486152.455,363464.793,1.337550333245069,25.23645838628954,69631,50687,27.20627306803004,135,98,False
lowcall-n20.csv,blake3,abr-wide,commit,20,12,4096,16384,7,472189.8,344838.883,1.3693055605913211,26.970281230132464,69631,49919,28.30923008430153,271,194,False
lowcall-n20.csv,blake3,abr-wide,commit,20,13,8192,32768,7,463655.556,336404.581,1.3782676639590707,27.445152625325164,69631,49663,28.676882423058693,543,387,False
lowcall-n20.csv,blake3,abr-wide,commit,20,14,16384,65536,7,462758.333,336219.571,1.3763575142982976,27.34445886250524,69631,49599,28.768795507747992,1087,774,False
lowcall-scaling.csv,blake3,abr-wide,commit,24,6,64,256,7,8420417.0,9965500.0,0.8449568009633235,-18.349245648998135,1310719,1310719,0.0,4,4,False
lowcall-scaling.csv,blake3,abr-wide,commit,24,8,256,1024,7,7515653.0,6801375.0,1.1050196467626032,9.503871453352087,1114111,917503,17.647074663117046,16,13,False
lowcall-scaling.csv,blake3,abr-wide,commit,24,10,1024,4096,7,7584527.667,5624697.75,1.3484329299294349,25.83984135923385,1114111,819199,26.470611994675576,67,49,False
lowcall-scaling.csv,blake3,abr-wide,commit,24,14,16384,65536,7,7216958.333,5273125.0,1.3686302397534669,26.934246303067855,1114111,793599,28.768408174768943,1087,774,False
lowcall-scaling.csv,blake3,abr-wide,commit,26,6,64,256,7,35671917.0,41664750.0,0.856165391608014,-16.79986248005678,5242879,5242879,0.0,4,4,False
lowcall-scaling.csv,blake3,abr-wide,commit,26,8,256,1024,7,28610708.0,26141833.0,1.0944415412645319,8.629199249455832,4456447,3670015,17.64706278342365,16,13,False
lowcall-scaling.csv,blake3,abr-wide,commit,26,10,1024,4096,7,30176750.0,22829459.0,1.3218337762625036,24.34752251319311,4456447,3276799,26.47059417513549,67,49,False
lowcall-scaling.csv,blake3,abr-wide,commit,26,14,16384,65536,7,28842084.0,20611000.0,1.3993539372179904,28.538450966303262,4456447,3174399,28.768388808393773,1087,774,False
lowcall-n20.csv,blake3,abr-wide,verify,20,0,1,4,7,1164.529,1155.333,1.0079596099133323,0.7896754825341357,21,21,0.0,1,1,False
lowcall-n20.csv,blake3,abr-wide,verify,20,1,2,8,7,1103.355,1106.904,0.9967937598924568,-0.32165531492582833,20,20,0.0,1,1,False
lowcall-n20.csv,blake3,abr-wide,verify,20,2,4,16,7,1057.157,1053.425,1.003542729667513,0.35302230416106584,19,19,0.0,1,1,False
lowcall-n20.csv,blake3,abr-wide,verify,20,3,8,32,7,1006.571,1006.525,1.0000457017957827,0.004569970722390071,18,18,0.0,1,1,False
lowcall-n20.csv,blake3,abr-wide,verify,20,4,16,64,7,951.696,950.666,1.001083450970162,0.10822783746069486,17,17,0.0,1,1,False
lowcall-n20.csv,blake3,abr-wide,verify,20,5,32,128,7,931.34,944.346,0.9862275055964658,-1.396482487598516,17,17,0.0,2,2,False
lowcall-n20.csv,blake3,abr-wide,verify,20,6,64,256,7,980.703,1016.027,0.9652332073852368,-3.6019059796900788,18,18,0.0,4,4,False
lowcall-n20.csv,blake3,abr-wide,verify,20,7,128,512,7,1119.677,1143.032,0.9795675011723206,-2.085869406980767,21,20,4.761904761904767,8,7,False
lowcall-n20.csv,blake3,abr-wide,verify,20,8,256,1024,7,1442.947,1455.685,0.9912494804851324,-0.8827767062823622,28,25,10.71428571428571,16,13,False
lowcall-n20.csv,blake3,abr-wide,verify,20,9,512,2048,7,2216.445,2101.809,1.0545415877465554,5.172066078788329,44,36,18.181818181818176,33,25,False
lowcall-n20.csv,blake3,abr-wide,verify,20,10,1024,4096,7,2191.116,2233.482,0.981031411938847,-1.9335352395765337,77,59,23.376623376623375,67,49,False
lowcall-n20.csv,blake3,abr-wide,verify,20,11,2048,8192,7,3771.75,4119.493,0.9155859713804586,-9.219672565785132,144,107,25.694444444444443,135,98,False
lowcall-n20.csv,blake3,abr-wide,verify,20,12,4096,16384,7,7038.384,6669.282,1.055343588710149,5.244129902545813,279,202,27.598566308243733,271,194,False
lowcall-n20.csv,blake3,abr-wide,verify,20,13,8192,32768,7,13776.996,12504.541,1.1017594328332403,9.23608455718503,550,394,28.363636363636367,543,387,False
lowcall-n20.csv,blake3,abr-wide,verify,20,14,16384,65536,7,26959.846,23894.275,1.1282973013410116,11.37087726688053,1093,780,28.63677950594693,1087,774,False
lowcall-scaling.csv,blake3,abr-wide,verify,24,6,64,256,7,1211.672,1267.244,0.9561473559945836,-4.58638971602876,22,22,0.0,4,4,False
lowcall-scaling.csv,blake3,abr-wide,verify,24,8,256,1024,7,1681.829,1680.206,1.0009659529843364,0.09650208195958188,32,29,9.375,16,13,False
lowcall-scaling.csv,blake3,abr-wide,verify,24,10,1024,4096,7,2471.833,2492.547,0.9916896251103791,-0.838001596386162,81,63,22.22222222222222,67,49,False
lowcall-scaling.csv,blake3,abr-wide,verify,24,14,16384,65536,7,27389.225,25804.253,1.0614228980005738,5.786845009305663,1097,784,28.532360984503192,1087,774,False
lowcall-scaling.csv,blake3,abr-wide,verify,26,6,64,256,7,1324.794,1365.258,0.9703616459306593,-3.0543616592466405,24,24,0.0,4,4,False
lowcall-scaling.csv,blake3,abr-wide,verify,26,8,256,1024,7,1794.86,1792.116,1.0015311508853222,0.15288100464659893,34,31,8.823529411764708,16,13,False
lowcall-scaling.csv,blake3,abr-wide,verify,26,10,1024,4096,7,2615.439,2637.235,0.991735283355484,-0.8333591416202157,83,65,21.68674698795181,67,49,False
lowcall-scaling.csv,blake3,abr-wide,verify,26,14,16384,65536,7,27956.025,25510.392,1.0958681073971737,8.748142842195916,1099,786,28.48043676069154,1087,774,False
lowcall-n20.csv,blake3,t277,commit,20,0,1,4,7,22264291.0,18925042.0,1.176446054914964,14.998227430642185,2097151,2097151,0.0,1,1,False
lowcall-n20.csv,blake3,t277,commit,20,1,2,8,7,10052562.5,8311653.0,1.2094540640712503,17.318066910800113,1048575,1048575,0.0,1,1,False
lowcall-n20.csv,blake3,t277,commit,20,2,4,16,7,5111552.0,4269625.0,1.1971899171472904,16.471063974307608,524287,524287,0.0,1,1,False
lowcall-n20.csv,blake3,t277,commit,20,3,8,32,7,2948029.714,2469062.5,1.1939874806733326,16.24702803114284,262143,262143,0.0,1,1,False
lowcall-n20.csv,blake3,t277,commit,20,4,16,64,7,1053868.75,1330554.688,0.792052186584006,-26.254307094692784,131071,131071,0.0,1,1,False
lowcall-n20.csv,blake3,t277,commit,20,5,32,128,7,816451.64,952857.955,0.8568450687909721,-16.707213056734126,98303,98303,0.0,2,2,False
lowcall-n20.csv,blake3,t277,commit,20,6,64,256,7,610212.121,581329.771,1.0496832459660836,4.733165567519116,81919,65535,20.000244143605272,4,3,False
lowcall-n20.csv,blake3,t277,commit,20,7,128,512,7,548253.676,487053.279,1.1256544194213298,11.162788263730672,73727,57343,22.2225236344894,8,6,False
lowcall-n20.csv,blake3,t277,commit,20,8,256,1024,7,512584.341,467712.044,1.0959400074803292,8.75412949846629,69631,57343,17.647312260343817,16,13,False
lowcall-n20.csv,blake3,t277,commit,20,9,512,2048,7,901890.625,410467.333,2.197228749991659,54.488125098317774,69631,53247,23.529749680458412,33,25,False
lowcall-n20.csv,blake3,t277,commit,20,10,1024,4096,7,510954.357,397709.942,1.2847412222850594,22.16331330745459,69631,53247,23.529749680458412,67,51,False
lowcall-n20.csv,blake3,t277,commit,20,11,2048,8192,7,486152.455,372259.509,1.305950400853293,23.42741352607177,69631,52223,25.00035903548706,135,101,False
lowcall-n20.csv,blake3,t277,commit,20,12,4096,16384,7,472189.8,355446.121,1.3284426868172237,24.723888360146706,69631,51711,25.73566371300139,271,201,False
lowcall-n20.csv,blake3,t277,commit,20,13,8192,32768,7,463655.556,349438.559,1.326858596620987,24.634018836172423,69631,51583,25.919489882379978,543,402,False
lowcall-n20.csv,blake3,t277,commit,20,14,16384,65536,7,462758.333,348088.115,1.3294287080154978,24.779719741967345,69631,51455,26.10331605175855,1087,803,False
lowcall-scaling.csv,blake3,t277,commit,24,6,64,256,7,8420417.0,8033333.333,1.0481846888401738,4.596965530329444,1310719,1048575,20.00001525880071,4,3,False
lowcall-scaling.csv,blake3,t277,commit,24,8,256,1024,7,7515653.0,6718958.333,1.118574134190869,10.600471668928835,1114111,917503,17.647074663117046,16,13,False
lowcall-scaling.csv,blake3,t277,commit,24,10,1024,4096,7,7584527.667,5927395.75,1.2795716680466291,21.848847940922145,1114111,851967,23.529432884156066,67,51,False
lowcall-scaling.csv,blake3,t277,commit,24,14,16384,65536,7,7216958.333,5457489.5,1.3223952758864674,24.37964516096368,1114111,823295,26.102964605860635,1087,803,False
lowcall-scaling.csv,blake3,t277,commit,26,6,64,256,7,35671917.0,34014458.0,1.048728073221099,4.646397332669283,5242879,4194303,20.000003814697997,4,3,False
lowcall-scaling.csv,blake3,t277,commit,26,8,256,1024,7,28610708.0,25768958.0,1.1102780329728505,9.932470038840002,4456447,3670015,17.64706278342365,16,13,False
lowcall-scaling.csv,blake3,t277,commit,26,10,1024,4096,7,30176750.0,23865958.0,1.2644265107648307,20.912762308731057,4456447,3407871,23.52941704456487,67,51,False
lowcall-scaling.csv,blake3,t277,commit,26,14,16384,65536,7,28842084.0,21432666.0,1.3457067823480289,25.689606895257633,4456447,3293183,26.10294703381416,1087,803,False
lowcall-n20.csv,blake3,t277,verify,20,0,1,4,7,1164.529,1159.581,1.0042670585323492,0.4248928107415173,21,21,0.0,1,1,False
lowcall-n20.csv,blake3,t277,verify,20,1,2,8,7,1103.355,1101.417,1.0017595515594913,0.17564609758419225,20,20,0.0,1,1,False
lowcall-n20.csv,blake3,t277,verify,20,2,4,16,7,1057.157,1062.299,0.9951595548899133,-0.4863988981768985,19,19,0.0,1,1,False
lowcall-n20.csv,blake3,t277,verify,20,3,8,32,7,1006.571,997.264,1.009332533812511,0.9246242937656635,18,18,0.0,1,1,False
lowcall-n20.csv,blake3,t277,verify,20,4,16,64,7,951.696,942.281,1.0099917116019532,0.989286494847097,17,17,0.0,1,1,False
lowcall-n20.csv,blake3,t277,verify,20,5,32,128,7,931.34,951.036,0.9792899532720108,-2.114802327828702,17,17,0.0,2,2,False
lowcall-n20.csv,blake3,t277,verify,20,6,64,256,7,980.703,980.469,1.0002386612937277,0.023860434810529796,18,17,5.555555555555558,4,3,False
lowcall-n20.csv,blake3,t277,verify,20,7,128,512,7,1119.677,1109.95,1.0087634578134148,0.8687326791565697,21,19,9.523809523809524,8,6,False
lowcall-n20.csv,blake3,t277,verify,20,8,256,1024,7,1442.947,1470.518,0.98125082453938,-1.9107423903996557,28,25,10.71428571428571,16,13,False
lowcall-n20.csv,blake3,t277,verify,20,9,512,2048,7,2216.445,1574.611,1.4076143250618725,28.95781307454054,44,36,18.181818181818176,33,25,False
lowcall-n20.csv,blake3,t277,verify,20,10,1024,4096,7,2191.116,2694.436,0.8132002393079665,-22.970942661182715,77,61,20.779220779220775,67,51,False
lowcall-n20.csv,blake3,t277,verify,20,11,2048,8192,7,3771.75,4381.542,0.8608270786859967,-16.167349373632934,144,110,23.611111111111114,135,101,False
lowcall-n20.csv,blake3,t277,verify,20,12,4096,16384,7,7038.384,7848.617,0.896767417750159,-11.511633920513574,279,209,25.08960573476703,271,201,False
lowcall-n20.csv,blake3,t277,verify,20,13,8192,32768,7,13776.996,14928.543,0.9228627334897986,-8.35847669550025,550,409,25.636363636363633,543,402,False
lowcall-n20.csv,blake3,t277,verify,20,14,16384,65536,7,26959.846,29140.738,0.9251600285483504,-8.089408225848182,1093,809,25.983531564501373,1087,803,False
lowcall-scaling.csv,blake3,t277,verify,24,6,64,256,7,1211.672,1205.14,1.0054201171648107,0.53908978667494,22,21,4.545454545454541,4,3,False
lowcall-scaling.csv,blake3,t277,verify,24,8,256,1024,7,1681.829,1705.928,0.9858733780089194,-1.4329042964534633,32,29,9.375,16,13,False
lowcall-scaling.csv,blake3,t277,verify,24,10,1024,4096,7,2471.833,2980.365,0.8293725768488088,-20.57307269544504,81,65,19.753086419753085,67,51,False
lowcall-scaling.csv,blake3,t277,verify,24,14,16384,65536,7,27389.225,30482.927,0.8985103366222016,-11.295325077653718,1097,813,25.88878760255242,1087,803,False
lowcall-scaling.csv,blake3,t277,verify,26,6,64,256,7,1324.794,1316.24,1.0064988148058105,0.645685291449094,24,23,4.1666666666666625,4,3,False
lowcall-scaling.csv,blake3,t277,verify,26,8,256,1024,7,1794.86,1834.773,0.9782463552711971,-2.2237388988556317,34,31,8.823529411764708,16,13,False
lowcall-scaling.csv,blake3,t277,verify,26,10,1024,4096,7,2615.439,3093.088,0.845575360287195,-18.262670243886415,83,67,19.277108433734934,67,51,False
lowcall-scaling.csv,blake3,t277,verify,26,14,16384,65536,7,27956.025,30073.212,0.9295989068277776,-7.573276243671967,1099,815,25.84167424931756,1087,803,False
lowcall-n20.csv,blake3,t8,commit,20,0,1,4,7,22264291.0,31316459.0,0.7109453530490148,-40.65778694681992,2097151,4194303,-100.00004768373856,1,3,False
lowcall-n20.csv,blake3,t8,commit,20,1,2,8,7,10052562.5,14527208.0,0.6919817283541339,-44.51248624417903,1048575,2097151,-100.00009536752259,1,3,False
lowcall-n20.csv,blake3,t8,commit,20,2,4,16,7,5111552.0,7320097.0,0.6982902002528109,-43.20693597560976,524287,1048575,-100.00019073522708,1,3,False
lowcall-n20.csv,blake3,t8,commit,20,3,8,32,7,2948029.714,4103116.6,0.718485483449337,-39.18165683726211,262143,524287,-100.00038147118175,1,3,False
lowcall-n20.csv,blake3,t8,commit,20,4,16,64,7,1053868.75,2095216.7,0.5029879486928488,-98.81192036484619,131071,262143,-100.00076294527393,1,3,False
lowcall-n20.csv,blake3,t8,commit,20,5,32,128,7,816451.64,1065846.526,0.7660123855392666,-30.54619205615168,98303,131071,-33.33367242098411,2,3,False
lowcall-n20.csv,blake3,t8,commit,20,6,64,256,7,610212.121,532830.026,1.1452284804235116,12.681179599184011,81919,65535,20.000244143605272,4,3,False
lowcall-n20.csv,blake3,t8,commit,20,7,128,512,7,548253.676,614368.067,0.8923863485893058,-12.059087589227602,73727,81919,-11.11126181724471,8,9,False
lowcall-n20.csv,blake3,t8,commit,20,8,256,1024,7,512584.341,490478.167,1.0450706585681724,4.312690074939296,69631,65535,5.882437420114606,16,15,False
lowcall-n20.csv,blake3,t8,commit,20,9,512,2048,7,901890.625,422180.0,2.1362703704580985,53.189445782297604,69631,57343,17.647312260343817,33,27,False
lowcall-n20.csv,blake3,t8,commit,20,10,1024,4096,7,510954.357,420797.612,1.2142520357268567,17.644774677985573,69631,59391,14.706093550286514,67,57,False
lowcall-n20.csv,blake3,t8,commit,20,11,2048,8192,7,486152.455,392614.0,1.2382453376598899,19.24056004201399,69631,57343,17.647312260343817,135,111,False
lowcall-n20.csv,blake3,t8,commit,20,12,4096,16384,7,472189.8,375715.164,1.2567759974681245,20.431325708433345,69631,56319,19.117921615372467,271,219,False
lowcall-n20.csv,blake3,t8,commit,20,13,8192,32768,7,463655.556,371985.352,1.2464349832785888,19.7711863502397,69631,56575,18.750269276615306,543,441,False
lowcall-n20.csv,blake3,t8,commit,20,14,16384,65536,7,462758.333,371685.268,1.245027373535827,19.680480826695344,69631,56319,19.117921615372467,1087,879,False
lowcall-scaling.csv,blake3,t8,commit,24,6,64,256,7,8420417.0,7052458.333,1.193969053400716,16.24573541904161,1310719,1048575,20.00001525880071,4,3,False
lowcall-scaling.csv,blake3,t8,commit,24,8,256,1024,7,7515653.0,7013014.0,1.0716723223424336,6.687895250086717,1114111,1048575,5.882358221039019,16,15,False
lowcall-scaling.csv,blake3,t8,commit,24,10,1024,4096,7,7584527.667,6351347.333,1.1941604307471434,16.259157961352333,1114111,950271,14.705895552597536,67,57,False
lowcall-scaling.csv,blake3,t8,commit,24,14,16384,65536,7,7216958.333,5777041.75,1.249248083242604,19.95184836270829,1114111,901119,19.117664218376806,1087,879,False
lowcall-scaling.csv,blake3,t8,commit,26,6,64,256,7,35671917.0,30406125.0,1.1731819493605318,14.761729794336532,5242879,4194303,20.000003814697997,4,3,False
lowcall-scaling.csv,blake3,t8,commit,26,8,256,1024,7,28610708.0,27223250.0,1.0509659206744235,4.849436092249093,4456447,4194303,5.88235426114122,16,15,False
lowcall-scaling.csv,blake3,t8,commit,26,10,1024,4096,7,30176750.0,25673333.0,1.1754122458505873,14.923465913327316,4456447,3801087,14.705885652853045,67,57,False
lowcall-scaling.csv,blake3,t8,commit,26,14,16384,65536,7,28842084.0,22801417.0,1.2649250702269952,20.943933871075338,4456447,3604479,19.117651348708964,1087,879,False
lowcall-n20.csv,blake3,t8,verify,20,0,1,4,7,1164.529,1250.002,0.931621709405265,-7.339705580539424,21,23,-9.523809523809534,1,3,False
lowcall-n20.csv,blake3,t8,verify,20,1,2,8,7,1103.355,1201.086,0.9186311388193685,-8.85762062074309,20,22,-10.000000000000009,1,3,False
lowcall-n20.csv,blake3,t8,verify,20,2,4,16,7,1057.157,1148.311,0.9206190657409012,-8.622560319801131,19,21,-10.526315789473696,1,3,False
lowcall-n20.csv,blake3,t8,verify,20,3,8,32,7,1006.571,1094.231,0.9198889448388868,-8.708774641828532,18,20,-11.111111111111116,1,3,False
lowcall-n20.csv,blake3,t8,verify,20,4,16,64,7,951.696,1048.306,0.9078417942852564,-10.151350851532426,17,19,-11.764705882352944,1,3,False
lowcall-n20.csv,blake3,t8,verify,20,5,32,128,7,931.34,984.77,0.9457436761883486,-5.736895226233174,17,18,-5.882352941176472,2,3,False
lowcall-n20.csv,blake3,t8,verify,20,6,64,256,7,980.703,925.763,1.0593456424592471,5.602103796970126,18,17,5.555555555555558,4,3,False
lowcall-n20.csv,blake3,t8,verify,20,7,128,512,7,1119.677,1113.225,1.0057957735408385,0.5762376113825685,21,22,-4.761904761904767,8,9,False
lowcall-n20.csv,blake3,t8,verify,20,8,256,1024,7,1442.947,1289.203,1.119255074646894,10.654861197258104,28,27,3.57142857142857,16,15,False
lowcall-n20.csv,blake3,t8,verify,20,9,512,2048,7,2216.445,1678.047,1.3208479857834734,24.291060685015875,44,38,13.636363636363635,33,27,False
lowcall-n20.csv,blake3,t8,verify,20,10,1024,4096,7,2191.116,2678.797,0.8179477578928153,-22.257196789216096,77,67,12.987012987012992,67,57,False
lowcall-n20.csv,blake3,t8,verify,20,11,2048,8192,7,3771.75,4526.72,0.8332191962392195,-20.0164379929741,144,120,16.666666666666664,135,111,False
lowcall-n20.csv,blake3,t8,verify,20,12,4096,16384,7,7038.384,8504.138,0.8276422607441224,-20.82514963662114,279,227,18.63799283154122,271,219,False
lowcall-n20.csv,blake3,t8,verify,20,13,8192,32768,7,13776.996,16353.168,0.8424664872274289,-18.69908360284056,550,448,18.545454545454543,543,441,False
lowcall-n20.csv,blake3,t8,verify,20,14,16384,65536,7,26959.846,31964.768,0.8434237971006078,-18.564356784530588,1093,885,19.03019213174748,1087,879,False
lowcall-scaling.csv,blake3,t8,verify,24,6,64,256,7,1211.672,1159.452,1.0450385181965274,4.309747192309477,22,21,4.545454545454541,4,3,False
lowcall-scaling.csv,blake3,t8,verify,24,8,256,1024,7,1681.829,1549.182,1.085623896998545,7.887068185885715,32,31,3.125,16,15,False
lowcall-scaling.csv,blake3,t8,verify,24,10,1024,4096,7,2471.833,2960.787,0.8348567458584492,-19.781028896369612,81,71,12.345679012345679,67,57,False
lowcall-scaling.csv,blake3,t8,verify,24,14,16384,65536,7,27389.225,33273.938,0.8231434764349203,-21.485503879719126,1097,889,18.960802187784864,1087,879,False
lowcall-scaling.csv,blake3,t8,verify,26,6,64,256,7,1324.794,1271.46,1.0419470529941957,4.0258334503326605,24,23,4.1666666666666625,4,3,False
lowcall-scaling.csv,blake3,t8,verify,26,8,256,1024,7,1794.86,1625.464,1.1042139352209583,9.437839162943074,34,33,2.941176470588236,16,15,False
lowcall-scaling.csv,blake3,t8,verify,26,10,1024,4096,7,2615.439,3087.213,0.8471844994174357,-18.038042561879685,83,73,12.048192771084343,67,57,False
lowcall-scaling.csv,blake3,t8,verify,26,14,16384,65536,7,27956.025,33407.835,0.8368104368331561,-19.50137761001429,1099,891,18.926296633303007,1087,879,False
lowcall-n20.csv,sha256,abr-wide,commit,20,0,1,4,7,14113750.0,14584709.0,0.9677087146545056,-3.336880701443623,2097151,2097151,0.0,1,1,False
lowcall-n20.csv,sha256,abr-wide,commit,20,1,2,8,7,5774541.75,6146906.25,0.9394224533683103,-6.448381813154258,1048575,1048575,0.0,1,1,False
lowcall-n20.csv,sha256,abr-wide,commit,20,2,4,16,7,2981291.667,3126428.571,0.9535774124679338,-4.868255783441944,524287,524287,0.0,1,1,False
lowcall-n20.csv,sha256,abr-wide,commit,20,3,8,32,7,1719909.75,1893837.091,0.9081614032027636,-10.112585326061453,262143,262143,0.0,1,1,False
lowcall-n20.csv,sha256,abr-wide,commit,20,4,16,64,7,1150394.647,1027236.095,1.1198931312864353,10.705765392873923,196607,131071,33.33350287629637,2,1,False
lowcall-n20.csv,sha256,abr-wide,commit,20,5,32,128,7,776718.75,676559.129,1.1480426716701653,12.895223785958565,131071,98303,25.000190736318483,3,2,False
lowcall-n20.csv,sha256,abr-wide,commit,20,6,64,256,7,577850.0,460335.152,1.255281065305219,20.336566236912688,98303,81919,16.666836210492054,5,4,False
lowcall-n20.csv,sha256,abr-wide,commit,20,7,128,512,7,519376.024,378720.018,1.371398392783135,27.08172874764816,81919,65535,20.000244143605272,9,7,False
lowcall-n20.csv,sha256,abr-wide,commit,20,8,256,1024,7,487679.279,321644.896,1.516204003436137,34.04581456494484,73727,61439,16.666892725867054,17,14,False
lowcall-n20.csv,sha256,abr-wide,commit,20,9,512,2048,7,458944.739,300166.085,1.5289693337606745,34.59646456476756,69631,59391,14.706093550286514,33,28,False
lowcall-n20.csv,sha256,abr-wide,commit,20,10,1024,4096,7,444883.667,274816.176,1.6188409047653733,38.22740721115303,67583,56319,16.666913277007534,65,54,False
lowcall-n20.csv,sha256,abr-wide,commit,20,11,2048,8192,7,430278.918,256710.843,1.6761228819617877,40.33850317528223,66559,55295,16.923331179855474,129,107,False
lowcall-n20.csv,sha256,abr-wide,commit,20,12,4096,16384,7,422263.059,245363.595,1.7209686669287676,41.893189619506835,66047,55039,16.66691901221857,257,214,False
lowcall-n20.csv,sha256,abr-wide,commit,20,13,8192,32768,7,419695.255,243924.25,1.720596681141789,41.88062717077895,65791,54783,16.731771822893705,513,427,False
lowcall-n20.csv,sha256,abr-wide,commit,20,14,16384,65536,7,417960.784,241581.92,1.7300996034802603,42.199859592568856,65663,54719,16.666920487946022,1025,854,False
lowcall-scaling.csv,sha256,abr-wide,commit,24,6,64,256,7,8137541.5,6175069.333,1.317805689486337,24.11627844847243,1572863,1310719,16.666677263054698,5,4,False
lowcall-scaling.csv,sha256,abr-wide,commit,24,8,256,1024,7,7252402.667,4688166.75,1.5469591961506062,35.357053858410644,1179647,983039,16.666680795187037,17,14,False
lowcall-scaling.csv,sha256,abr-wide,commit,24,10,1024,4096,7,6731402.667,3988258.2,1.6878051343315736,40.75145408323261,1081343,901119,16.66668207959916,65,54,False
lowcall-scaling.csv,sha256,abr-wide,commit,24,14,16384,65536,7,6524333.333,3718701.333,1.7544655374989748,43.00258519608657,1050623,875519,16.666682530270137,1025,854,False
lowcall-scaling.csv,sha256,abr-wide,commit,26,6,64,256,7,35448291.0,26248917.0,1.3504668021160644,25.95153035727449,6291455,5242879,16.666669315762405,5,4,False
lowcall-scaling.csv,sha256,abr-wide,commit,26,8,256,1024,7,27487208.0,17248875.0,1.5935652615025617,37.247628060296265,4718591,3932159,16.66667019879451,17,14,False
lowcall-scaling.csv,sha256,abr-wide,commit,26,10,1024,4096,7,26520584.0,15568792.0,1.7034451998587945,41.295440552892806,4325375,3604479,16.66667051989712,65,54,False
lowcall-scaling.csv,sha256,abr-wide,commit,26,14,16384,65536,7,25959167.0,14299959.0,1.8153315684331683,44.913644571106616,4202495,3502079,16.666670632564706,1025,854,False
lowcall-n20.csv,sha256,abr-wide,verify,20,0,1,4,7,577.405,574.487,1.0050793142403571,0.5053645188386025,21,21,0.0,1,1,False
lowcall-n20.csv,sha256,abr-wide,verify,20,1,2,8,7,548.87,548.348,1.0009519502213924,0.09510448740139843,20,20,0.0,1,1,False
lowcall-n20.csv,sha256,abr-wide,verify,20,2,4,16,7,519.591,517.65,1.003749637786149,0.37356305247782107,19,19,0.0,1,1,False
lowcall-n20.csv,sha256,abr-wide,verify,20,3,8,32,7,490.676,491.993,0.9973231326461962,-0.26840522055286975,18,18,0.0,1,1,False
lowcall-n20.csv,sha256,abr-wide,verify,20,4,16,64,7,487.971,503.905,0.9683789603199017,-3.265357982339112,18,17,5.555555555555558,2,1,False
lowcall-n20.csv,sha256,abr-wide,verify,20,5,32,128,7,483.386,465.526,1.0383652040917157,3.6947698112895333,18,17,5.555555555555558,3,2,False
lowcall-n20.csv,sha256,abr-wide,verify,20,6,64,256,7,497.443,471.188,1.0557208587655034,5.2779916492944885,19,18,5.263157894736848,5,4,False
lowcall-n20.csv,sha256,abr-wide,verify,20,7,128,512,7,555.113,505.381,1.098404965758507,8.958896657077043,22,20,9.090909090909093,9,7,False
lowcall-n20.csv,sha256,abr-wide,verify,20,8,256,1024,7,705.879,582.491,1.211828165585391,17.480049696902732,29,26,10.344827586206895,17,14,False
lowcall-n20.csv,sha256,abr-wide,verify,20,9,512,2048,7,1019.337,799.499,1.2749696997744837,21.566763494310514,44,39,11.363636363636365,33,28,False
lowcall-n20.csv,sha256,abr-wide,verify,20,10,1024,4096,7,1682.484,1151.297,1.461381381172712,31.5715929542272,75,64,14.66666666666666,65,54,False
lowcall-n20.csv,sha256,abr-wide,verify,20,11,2048,8192,7,3042.132,1893.653,1.6064886227835828,37.75243809275863,138,116,15.94202898550725,129,107,False
lowcall-n20.csv,sha256,abr-wide,verify,20,12,4096,16384,7,5787.435,3476.756,1.6646077550452205,39.925787503444965,265,222,16.226415094339618,257,214,False
lowcall-n20.csv,sha256,abr-wide,verify,20,13,8192,32768,7,11296.542,6589.437,1.7143409975692916,41.66854777329204,520,434,16.538461538461537,513,427,False
lowcall-n20.csv,sha256,abr-wide,verify,20,14,16384,65536,7,22349.222,12920.944,1.729689564477642,42.18615753156867,1031,860,16.585838991270606,1025,854,False
lowcall-scaling.csv,sha256,abr-wide,verify,24,6,64,256,7,658.415,624.116,1.0549561299502015,5.209328463051421,23,22,4.347826086956519,5,4,False
lowcall-scaling.csv,sha256,abr-wide,verify,24,8,256,1024,7,872.318,728.216,1.1978835949773143,16.51943442643623,33,30,9.090909090909093,17,14,False
lowcall-scaling.csv,sha256,abr-wide,verify,24,10,1024,4096,7,1917.941,1331.208,1.440752309180834,30.591816953701912,79,68,13.924050632911388,65,54,False
lowcall-scaling.csv,sha256,abr-wide,verify,24,14,16384,65536,7,22475.938,14413.311,1.5593875688937815,35.872260370178985,1035,864,16.52173913043479,1025,854,False
lowcall-scaling.csv,sha256,abr-wide,verify,26,6,64,256,7,671.866,641.471,1.0473832799923926,4.523967576868005,25,24,4.0000000000000036,5,4,False
lowcall-scaling.csv,sha256,abr-wide,verify,26,8,256,1024,7,868.577,734.423,1.1826658478833043,15.445262768873691,35,32,8.571428571428575,17,14,False
lowcall-scaling.csv,sha256,abr-wide,verify,26,10,1024,4096,7,1853.856,1316.291,1.408393736643341,28.99712814803308,81,70,13.580246913580252,65,54,False
lowcall-scaling.csv,sha256,abr-wide,verify,26,14,16384,65536,7,22540.68,14299.884,1.5762841153117046,36.55966013447687,1037,866,16.48987463837994,1025,854,False
lowcall-n20.csv,sha256,t253,commit,20,0,1,4,7,14113750.0,14241042.0,0.9910616091154004,-0.9019006288194076,2097151,2097151,0.0,1,1,True
lowcall-n20.csv,sha256,t253,commit,20,1,2,8,7,5774541.75,5901822.75,0.9784336118871072,-2.20417490270981,1048575,1048575,0.0,1,1,True
lowcall-n20.csv,sha256,t253,commit,20,2,4,16,7,2981291.667,3030142.857,0.9838782551498694,-1.6385914380915967,524287,524287,0.0,1,1,True
lowcall-n20.csv,sha256,t253,commit,20,3,8,32,7,1719909.75,1762962.091,0.9755795423964111,-2.503174425285981,262143,262143,0.0,1,1,True
lowcall-n20.csv,sha256,t253,commit,20,4,16,64,7,1150394.647,1160627.333,0.991183486973764,-0.8894935339524457,196607,196607,0.0,2,2,True
lowcall-n20.csv,sha256,t253,commit,20,5,32,128,7,776718.75,801214.519,0.9694267035617711,-3.1537501830617654,131071,131071,0.0,3,3,True
lowcall-n20.csv,sha256,t253,commit,20,6,64,256,7,577850.0,457173.0,1.2639635324045821,20.88379337198235,98303,81919,16.666836210492054,5,4,False
lowcall-n20.csv,sha256,t253,commit,20,7,128,512,7,519376.024,378012.207,1.3739662751155546,27.2180097785954,81919,65535,20.000244143605272,9,7,False
lowcall-n20.csv,sha256,t253,commit,20,8,256,1024,7,487679.279,348318.984,1.4000938834846854,28.57621822394467,73727,61439,16.666892725867054,17,14,False
lowcall-n20.csv,sha256,t253,commit,20,9,512,2048,7,458944.739,313910.448,1.4620244146827506,31.601689413853386,69631,59391,14.706093550286514,33,28,False
lowcall-n20.csv,sha256,t253,commit,20,10,1024,4096,7,444883.667,301122.111,1.477419461236442,32.31441535478983,67583,58367,13.63656540846071,65,56,False
lowcall-n20.csv,sha256,t253,commit,20,11,2048,8192,7,430278.918,287536.608,1.496431779566656,33.174367608686794,66559,57855,13.077119548070137,129,112,False
lowcall-n20.csv,sha256,t253,commit,20,12,4096,16384,7,422263.059,274866.776,1.5362462686286973,34.90626988519021,66047,57343,13.178494102684457,257,223,False
lowcall-n20.csv,sha256,t253,commit,20,13,8192,32768,7,419695.255,269926.444,1.5548504577046922,35.6851332522213,65791,57087,13.229773069264795,513,445,False
lowcall-n20.csv,sha256,t253,commit,20,14,16384,65536,7,417960.784,268520.038,1.556534801324585,35.754729084822465,65663,57023,13.158095122062651,1025,890,False
lowcall-scaling.csv,sha256,t253,commit,24,6,64,256,7,8137541.5,6110010.5,1.3318375639452666,24.915768478722967,1572863,1310719,16.666677263054698,5,4,False
lowcall-scaling.csv,sha256,t253,commit,24,8,256,1024,7,7252402.667,5013145.75,1.4466770025587228,30.87606990148387,1179647,983039,16.666680795187037,17,14,False
lowcall-scaling.csv,sha256,t253,commit,24,10,1024,4096,7,6731402.667,4302500.0,1.564532868564788,36.083158104735624,1081343,933887,13.63637624694477,65,56,False
lowcall-scaling.csv,sha256,t253,commit,24,14,16384,65536,7,6524333.333,4108031.25,1.5881898008930677,37.03523348168575,1050623,912383,13.157907260739577,1025,890,False
lowcall-scaling.csv,sha256,t253,commit,26,6,64,256,7,35448291.0,26145708.0,1.3557977087482198,26.242684026713725,6291455,5242879,16.666669315762405,5,4,False
lowcall-scaling.csv,sha256,t253,commit,26,8,256,1024,7,27487208.0,18385417.0,1.495054912270959,33.11282470012961,4718591,3932159,16.66667019879451,17,14,False
lowcall-scaling.csv,sha256,t253,commit,26,10,1024,4096,7,26520584.0,16974125.0,1.5624124365762595,35.99641320115726,4325375,3735551,13.636366789006738,65,56,False
lowcall-scaling.csv,sha256,t253,commit,26,14,16384,65536,7,25959167.0,16177334.0,1.604662857303929,37.68161358952696,4202495,3649535,13.157897867814238,1025,890,False
lowcall-n20.csv,sha256,t253,verify,20,0,1,4,7,577.405,577.999,0.9989723165611012,-0.10287406586366732,21,21,0.0,1,1,True
lowcall-n20.csv,sha256,t253,verify,20,1,2,8,7,548.87,548.621,1.000453865236657,0.04536593364549146,20,20,0.0,1,1,True
lowcall-n20.csv,sha256,t253,verify,20,2,4,16,7,519.591,520.143,0.9989387533812817,-0.1062374059596971,19,19,0.0,1,1,True
lowcall-n20.csv,sha256,t253,verify,20,3,8,32,7,490.676,490.804,0.999739203429475,-0.02608646031190265,18,18,0.0,1,1,True
lowcall-n20.csv,sha256,t253,verify,20,4,16,64,7,487.971,487.69,1.0005761856917303,0.05758538929567791,18,18,0.0,2,2,True
lowcall-n20.csv,sha256,t253,verify,20,5,32,128,7,483.386,481.302,1.0043299217539092,0.4311254359869787,18,18,0.0,3,3,True
lowcall-n20.csv,sha256,t253,verify,20,6,64,256,7,497.443,463.416,1.0734264677956737,6.8403817120755495,19,18,5.263157894736848,5,4,False
lowcall-n20.csv,sha256,t253,verify,20,7,128,512,7,555.113,489.444,1.1341706099165585,11.829843653454352,22,20,9.090909090909093,9,7,False
lowcall-n20.csv,sha256,t253,verify,20,8,256,1024,7,705.879,591.989,1.1923853314842,16.134493305509867,29,26,10.344827586206895,17,14,False
lowcall-n20.csv,sha256,t253,verify,20,9,512,2048,7,1019.337,758.101,1.3445926070536776,25.62803076901947,44,39,11.363636363636365,33,28,False
lowcall-n20.csv,sha256,t253,verify,20,10,1024,4096,7,1682.484,1171.28,1.436449013045557,30.383884779884973,75,66,12.0,65,56,False
lowcall-n20.csv,sha256,t253,verify,20,11,2048,8192,7,3042.132,2022.327,1.5042730478305437,33.522707101467,138,121,12.318840579710145,129,112,False
lowcall-n20.csv,sha256,t253,verify,20,12,4096,16384,7,5787.435,3703.802,1.5625659794989042,36.002702406160935,265,231,12.83018867924528,257,223,False
lowcall-n20.csv,sha256,t253,verify,20,13,8192,32768,7,11296.542,7078.748,1.595838981695633,37.337036413444046,520,452,13.076923076923075,513,445,False
lowcall-n20.csv,sha256,t253,verify,20,14,16384,65536,7,22349.222,13934.382,1.6038904344663438,37.65160147409159,1031,896,13.094083414161005,1025,890,False
lowcall-scaling.csv,sha256,t253,verify,24,6,64,256,7,658.415,642.648,1.0245344263111376,2.394690278927414,23,22,4.347826086956519,5,4,False
lowcall-scaling.csv,sha256,t253,verify,24,8,256,1024,7,872.318,749.531,1.1638184411318546,14.075944781604877,33,30,9.090909090909093,17,14,False
lowcall-scaling.csv,sha256,t253,verify,24,10,1024,4096,7,1917.941,1378.717,1.391105643870352,28.114733456347196,79,70,11.392405063291145,65,56,False
lowcall-scaling.csv,sha256,t253,verify,24,14,16384,65536,7,22475.938,14827.244,1.5158540589201877,34.03058862326457,1035,900,13.043478260869568,1025,890,False
lowcall-scaling.csv,sha256,t253,verify,26,6,64,256,7,671.866,632.572,1.0621178300651941,5.848487644857747,25,24,4.0000000000000036,5,4,False
lowcall-scaling.csv,sha256,t253,verify,26,8,256,1024,7,868.577,753.813,1.1522446548414527,13.21287577267185,35,32,8.571428571428575,17,14,False
lowcall-scaling.csv,sha256,t253,verify,26,10,1024,4096,7,1853.856,1338.055,1.385485648945671,27.82314268206376,81,72,11.111111111111116,65,56,False
lowcall-scaling.csv,sha256,t253,verify,26,14,16384,65536,7,22540.68,15153.649,1.4874753928905178,32.77199711809937,1037,902,13.018322082931533,1025,890,False
lowcall-n20.csv,sha3_256,shake128,commit,20,0,1,4,7,38352542.0,38417709.0,0.9983037249826636,-0.169915725533909,2097151,2097151,0.0,1,1,False
lowcall-n20.csv,sha3_256,shake128,commit,20,1,2,8,7,18086417.0,18062167.0,1.0013425853055173,0.13407851870274046,1048575,1048575,0.0,1,1,False
lowcall-n20.csv,sha3_256,shake128,commit,20,2,4,16,7,9160520.5,9144208.0,1.0017839161138942,0.17807394241408092,524287,524287,0.0,1,1,False
lowcall-n20.csv,sha3_256,shake128,commit,20,3,8,32,7,5001885.5,5071468.75,0.9862794678563286,-1.3911404009548045,262143,262143,0.0,1,1,False
lowcall-n20.csv,sha3_256,shake128,commit,20,4,16,64,7,2607734.375,2611078.125,0.9987193987158083,-0.1282243326642396,131071,131071,0.0,1,1,False
lowcall-n20.csv,sha3_256,shake128,commit,20,5,32,128,7,1346653.688,1345288.933,1.0010144698038634,0.10134416978629934,65535,65535,0.0,1,1,False
lowcall-n20.csv,sha3_256,shake128,commit,20,6,64,256,7,978168.75,978412.864,0.9997505000097792,-0.02495622560012567,49151,49151,0.0,2,2,False
lowcall-n20.csv,sha3_256,shake128,commit,20,7,128,512,7,824581.25,817231.481,1.0089934971557954,0.8913335101907727,40959,40959,0.0,4,4,False
lowcall-n20.csv,sha3_256,shake128,commit,20,8,256,1024,7,735719.828,667748.719,1.1017914479892845,9.238721917387272,36863,32767,11.11141252746657,8,7,False
lowcall-n20.csv,sha3_256,shake128,commit,20,9,512,2048,7,685438.194,583850.5,1.1739960726247558,14.8208394118172,34815,28671,17.64756570443774,16,13,False
lowcall-n20.csv,sha3_256,shake128,commit,20,10,1024,4096,7,637356.481,533551.05,1.1945557618151066,16.286871490995313,32767,26623,18.750572222052675,31,25,False
lowcall-n20.csv,sha3_256,shake128,commit,20,11,2048,8192,7,599835.639,493728.674,1.214909464626314,17.689339895991075,31743,25599,19.35544844532653,61,49,False
lowcall-n20.csv,sha3_256,shake128,commit,20,12,4096,16384,7,575698.447,474534.244,1.2131863069506952,17.57242937290745,31231,25343,18.85306266209855,121,98,False
lowcall-n20.csv,sha3_256,shake128,commit,20,13,8192,32768,7,561561.421,458402.489,1.2250400782618787,18.37001762270275,30975,25215,18.595641646489103,241,196,False
lowcall-n20.csv,sha3_256,shake128,commit,20,14,16384,65536,7,550102.564,448068.562,1.2277196184989208,18.54817786306483,30911,25087,18.841189220665775,482,391,False
lowcall-scaling.csv,sha3_256,shake128,commit,24,6,64,256,7,14018333.0,13788020.5,1.0167038118343383,1.6429378585884669,786431,786431,0.0,2,2,False
lowcall-scaling.csv,sha3_256,shake128,commit,24,8,256,1024,7,10600021.0,9429146.0,1.1241761449022,11.045968682514873,589823,524287,11.111129949154241,8,7,False
lowcall-scaling.csv,sha3_256,shake128,commit,24,10,1024,4096,7,9159666.5,7492555.333,1.2225023497200511,18.200566221488522,524287,425983,18.750035762855077,31,25,False
lowcall-scaling.csv,sha3_256,shake128,commit,24,14,16384,65536,7,8602416.5,6976055.333,1.2331347859737511,18.905864032507612,494591,401407,18.84061780339715,482,391,False
lowcall-scaling.csv,sha3_256,shake128,commit,26,6,64,256,7,58542167.0,57250458.0,1.0225624221207104,2.2064591493512697,3145727,3145727,0.0,2,2,False
lowcall-scaling.csv,sha3_256,shake128,commit,26,8,256,1024,7,41045333.0,36912917.0,1.111950404786487,10.067931474694092,2359295,2097151,11.111115820615902,8,7,False
lowcall-scaling.csv,sha3_256,shake128,commit,26,10,1024,4096,7,36672417.0,29910084.0,1.2260887331510002,18.439834494683016,2097151,1703935,18.75000894070098,31,25,False
lowcall-scaling.csv,sha3_256,shake128,commit,26,14,16384,65536,7,34634500.0,27797625.0,1.2459517674621483,19.74007131617318,1978367,1605631,18.840589233443538,482,391,False
lowcall-n20.csv,sha3_256,shake128,verify,20,0,1,4,7,2625.902,2632.64,0.9974405919533245,-0.2565975424825284,21,21,0.0,1,1,False
lowcall-n20.csv,sha3_256,shake128,verify,20,1,2,8,7,2529.753,2562.004,0.9874118073195828,-1.2748675463572834,20,20,0.0,1,1,False
lowcall-n20.csv,sha3_256,shake128,verify,20,2,4,16,7,2394.714,2406.369,0.9951566031643525,-0.4866969500324503,19,19,0.0,1,1,False
lowcall-n20.csv,sha3_256,shake128,verify,20,3,8,32,7,2278.075,2287.727,0.995780965123898,-0.42369105494770576,18,18,0.0,1,1,False
lowcall-n20.csv,sha3_256,shake128,verify,20,4,16,64,7,2157.441,2162.046,0.9978700730696757,-0.2134473202279885,17,17,0.0,1,1,False
lowcall-n20.csv,sha3_256,shake128,verify,20,5,32,128,7,2036.894,2040.441,0.9982616503001067,-0.17413768217688919,16,16,0.0,1,1,False
lowcall-n20.csv,sha3_256,shake128,verify,20,6,64,256,7,2032.733,2060.808,0.9863767027301913,-1.38114548246131,16,16,0.0,2,2,False
lowcall-n20.csv,sha3_256,shake128,verify,20,7,128,512,7,2188.431,2186.069,1.0010804782465696,0.10793120733531003,17,17,0.0,4,4,False
lowcall-n20.csv,sha3_256,shake128,verify,20,8,256,1024,7,2561.292,2481.566,1.0321272938136645,3.112725921136683,20,19,5.000000000000004,8,7,False
lowcall-n20.csv,sha3_256,shake128,verify,20,9,512,2048,7,3436.571,3136.556,1.0956510899215572,8.730068431584847,27,24,11.111111111111116,16,13,False
lowcall-n20.csv,sha3_256,shake128,verify,20,10,1024,4096,7,5282.896,4622.718,1.142811653230848,12.49651706185395,41,35,14.634146341463417,31,25,False
lowcall-n20.csv,sha3_256,shake128,verify,20,11,2048,8192,7,9143.908,7643.879,1.196239239265823,16.404681674400045,70,58,17.14285714285714,61,49,False
lowcall-n20.csv,sha3_256,shake128,verify,20,12,4096,16384,7,16811.804,14230.499,1.181392444495446,15.354122615276744,129,106,17.829457364341085,121,98,False
lowcall-n20.csv,sha3_256,shake128,verify,20,13,8192,32768,7,32612.519,27295.148,1.194810117900808,16.304692685652398,248,203,18.145161290322577,241,196,False
lowcall-n20.csv,sha3_256,shake128,verify,20,14,16384,65536,7,64132.175,53770.885,1.1926933134911206,16.156149389912322,488,397,18.647540983606557,482,391,False
lowcall-scaling.csv,sha3_256,shake128,verify,24,6,64,256,7,2570.852,2579.8,0.996531514070858,-0.3480558196271355,20,20,0.0,2,2,False
lowcall-scaling.csv,sha3_256,shake128,verify,24,8,256,1024,7,3102.289,2984.654,1.0394132787251051,3.7918775459024,24,23,4.1666666666666625,8,7,False
lowcall-scaling.csv,sha3_256,shake128,verify,24,10,1024,4096,7,5965.714,5202.653,1.1466676712823245,12.790774080017908,45,39,13.33333333333333,31,25,False
lowcall-scaling.csv,sha3_256,shake128,verify,24,14,16384,65536,7,64951.706,53954.537,1.2038228777683702,16.931301234797434,492,401,18.49593495934959,482,391,False
lowcall-scaling.csv,sha3_256,shake128,verify,26,6,64,256,7,2897.841,2840.365,1.0202354274890728,1.9834076472794782,22,22,0.0,2,2,False
lowcall-scaling.csv,sha3_256,shake128,verify,26,8,256,1024,7,3438.899,3372.495,1.0196898735209392,1.9309668588696538,26,25,3.8461538461538436,8,7,False
lowcall-scaling.csv,sha3_256,shake128,verify,26,10,1024,4096,7,6154.224,5476.85,1.1236794872965299,11.006651691586134,47,41,12.765957446808507,31,25,False
lowcall-scaling.csv,sha3_256,shake128,verify,26,14,16384,65536,7,65955.218,55520.334,1.1879470681858648,15.821165203335374,494,403,18.42105263157895,482,391,False
lowcall-n20.csv,sha3_256,sponge-dm272,commit,20,0,1,4,7,38352542.0,40466416.0,0.9477622629095692,-5.511692028132065,2097151,2097151,0.0,1,1,False
lowcall-n20.csv,sha3_256,sponge-dm272,commit,20,1,2,8,7,18086417.0,18902917.0,0.9568056083619264,-4.514437547248851,1048575,1048575,0.0,1,1,False
lowcall-n20.csv,sha3_256,sponge-dm272,commit,20,2,4,16,7,9160520.5,9513354.0,0.9629117659239843,-3.851675240506247,524287,524287,0.0,1,1,False
lowcall-n20.csv,sha3_256,sponge-dm272,commit,20,3,8,32,7,5001885.5,5247208.25,0.9532469956762246,-4.904605473276025,262143,262143,0.0,1,1,False
lowcall-n20.csv,sha3_256,sponge-dm272,commit,20,4,16,64,7,2607734.375,2739000.0,0.9520753468419131,-5.033703825758717,131071,131071,0.0,1,1,False
lowcall-n20.csv,sha3_256,sponge-dm272,commit,20,5,32,128,7,1346653.688,1427586.286,0.9433080866679046,-6.009904307335168,65535,65535,0.0,1,1,False
lowcall-n20.csv,sha3_256,sponge-dm272,commit,20,6,64,256,7,978168.75,1034335.45,0.9456977907892454,-5.742025596299194,49151,49151,0.0,2,2,False
lowcall-n20.csv,sha3_256,sponge-dm272,commit,20,7,128,512,7,824581.25,864063.32,0.9543065084628289,-4.7881357961995885,40959,40959,0.0,4,4,False
lowcall-n20.csv,sha3_256,sponge-dm272,commit,20,8,256,1024,7,735719.828,696658.613,1.056069377843176,5.309251363550304,36863,32767,11.11141252746657,8,7,False
lowcall-n20.csv,sha3_256,sponge-dm272,commit,20,9,512,2048,7,685438.194,607421.429,1.128439270126573,11.382027684322482,34815,28671,17.64756570443774,16,13,False
lowcall-n20.csv,sha3_256,sponge-dm272,commit,20,10,1024,4096,7,637356.481,556259.868,1.1457890774892285,12.72390183791039,32767,26623,18.750572222052675,31,25,False
lowcall-n20.csv,sha3_256,sponge-dm272,commit,20,11,2048,8192,7,599835.639,522964.6,1.14699090339958,12.815350406346893,31743,26111,17.742494408215983,61,50,False
lowcall-n20.csv,sha3_256,sponge-dm272,commit,20,12,4096,16384,7,575698.447,496861.442,1.158669999995693,13.694149326062021,31231,25599,18.033364285485575,121,99,False
lowcall-n20.csv,sha3_256,sponge-dm272,commit,20,13,8192,32768,7,561561.421,480111.111,1.169648875299618,14.50425669465638,30975,25471,17.76916868442292,241,198,False
lowcall-n20.csv,sha3_256,sponge-dm272,commit,20,14,16384,65536,7,550102.564,471420.283,1.1669047426200794,14.303202011616145,30911,25343,18.013005079098054,482,395,False
lowcall-scaling.csv,sha3_256,sponge-dm272,commit,24,6,64,256,7,14018333.0,14660000.0,0.9562300818553888,-4.577341685348757,786431,786431,0.0,2,2,False
lowcall-scaling.csv,sha3_256,sponge-dm272,commit,24,8,256,1024,7,10600021.0,9892125.0,1.0715615704411336,6.678250920446294,589823,524287,11.111129949154241,8,7,False
lowcall-scaling.csv,sha3_256,sponge-dm272,commit,24,10,1024,4096,7,9159666.5,7807778.0,1.1731463804426816,14.759145433952202,524287,425983,18.750035762855077,31,25,False
lowcall-scaling.csv,sha3_256,sponge-dm272,commit,24,14,16384,65536,7,8602416.5,7329458.333,1.1736769770923807,14.797681174818733,494591,405503,18.012458779072006,482,395,False
lowcall-scaling.csv,sha3_256,sponge-dm272,commit,26,6,64,256,7,58542167.0,60575000.0,0.9664410565414775,-3.472425269122681,3145727,3145727,0.0,2,2,False
lowcall-scaling.csv,sha3_256,sponge-dm272,commit,26,8,256,1024,7,41045333.0,38640666.0,1.0622315101918791,5.858563749501067,2359295,2097151,11.111115820615902,8,7,False
lowcall-scaling.csv,sha3_256,sponge-dm272,commit,26,10,1024,4096,7,36672417.0,31205750.0,1.175181400863623,14.906754032601665,2097151,1703935,18.75000894070098,31,25,False
lowcall-scaling.csv,sha3_256,sponge-dm272,commit,26,14,16384,65536,7,34634500.0,29274542.0,1.1830928046628364,15.475777043121742,1978367,1622015,18.012431464940526,482,395,False
lowcall-n20.csv,sha3_256,sponge-dm272,verify,20,0,1,4,7,2625.902,2665.475,0.985153490466052,-1.5070250146425934,21,21,0.0,1,1,False
lowcall-n20.csv,sha3_256,sponge-dm272,verify,20,1,2,8,7,2529.753,2532.688,0.9988411521671836,-0.11601923191710828,20,20,0.0,1,1,False
lowcall-n20.csv,sha3_256,sponge-dm272,verify,20,2,4,16,7,2394.714,2383.434,1.0047326672355936,0.47103746000565216,19,19,0.0,1,1,False
lowcall-n20.csv,sha3_256,sponge-dm272,verify,20,3,8,32,7,2278.075,2287.129,0.9960413251723012,-0.397440821746442,18,18,0.0,1,1,False
lowcall-n20.csv,sha3_256,sponge-dm272,verify,20,4,16,64,7,2157.441,2186.46,0.9867278614747125,-1.3450657515083897,17,17,0.0,1,1,False
lowcall-n20.csv,sha3_256,sponge-dm272,verify,20,5,32,128,7,2036.894,2046.54,0.9952866789801323,-0.4735641619053377,16,16,0.0,1,1,False
lowcall-n20.csv,sha3_256,sponge-dm272,verify,20,6,64,256,7,2032.733,2067.705,0.9830865621546594,-1.7204423797911428,16,16,0.0,2,2,False
lowcall-n20.csv,sha3_256,sponge-dm272,verify,20,7,128,512,7,2188.431,2236.842,0.9783574342756439,-2.212132801993749,17,17,0.0,4,4,False
lowcall-n20.csv,sha3_256,sponge-dm272,verify,20,8,256,1024,7,2561.292,2511.824,1.0196940549974838,1.9313690122016447,20,19,5.000000000000004,8,7,False
lowcall-n20.csv,sha3_256,sponge-dm272,verify,20,9,512,2048,7,3436.571,3243.573,1.0595016668346913,5.616005023612203,27,24,11.111111111111116,16,13,False
lowcall-n20.csv,sha3_256,sponge-dm272,verify,20,10,1024,4096,7,5282.896,4783.966,1.1042921291664698,9.444251789170167,41,35,14.634146341463417,31,25,False
lowcall-n20.csv,sha3_256,sponge-dm272,verify,20,11,2048,8192,7,9143.908,8202.19,1.1148129950659518,10.298856900135034,70,59,15.714285714285714,61,50,False
lowcall-n20.csv,sha3_256,sponge-dm272,verify,20,12,4096,16384,7,16811.804,15000.762,1.1207300002493206,10.772442981133967,129,107,17.05426356589147,121,99,False
lowcall-n20.csv,sha3_256,sponge-dm272,verify,20,13,8192,32768,7,32612.519,28816.61,1.1317264244475669,11.639422885426299,248,205,17.338709677419352,241,198,False
lowcall-n20.csv,sha3_256,sponge-dm272,verify,20,14,16384,65536,7,64132.175,57013.667,1.1248561682587441,11.099745174711451,488,401,17.827868852459016,482,395,False
lowcall-scaling.csv,sha3_256,sponge-dm272,verify,24,6,64,256,7,2570.852,2605.203,0.9868144632107363,-1.3361718216373442,20,20,0.0,2,2,False
lowcall-scaling.csv,sha3_256,sponge-dm272,verify,24,8,256,1024,7,3102.289,3055.593,1.0152821399970482,1.505211152152508,24,23,4.1666666666666625,8,7,False
lowcall-scaling.csv,sha3_256,sponge-dm272,verify,24,10,1024,4096,7,5965.714,5408.175,1.1030918932911749,9.345721233032622,45,39,13.33333333333333,31,25,False
lowcall-scaling.csv,sha3_256,sponge-dm272,verify,24,14,16384,65536,7,64951.706,57524.398,1.1291157883999063,11.435123813376046,492,405,17.682926829268297,482,395,False
lowcall-scaling.csv,sha3_256,sponge-dm272,verify,26,6,64,256,7,2897.841,2883.259,1.0050574714238296,0.5032022115775137,22,22,0.0,2,2,False
lowcall-scaling.csv,sha3_256,sponge-dm272,verify,26,8,256,1024,7,3438.899,3450.798,0.9965518120736131,-0.34601190671781357,26,25,3.8461538461538436,8,7,False
lowcall-scaling.csv,sha3_256,sponge-dm272,verify,26,10,1024,4096,7,6154.224,5723.796,1.0751997450642894,6.994025566830198,47,41,12.765957446808507,31,25,False
lowcall-scaling.csv,sha3_256,sponge-dm272,verify,26,14,16384,65536,7,65955.218,58244.576,1.1323838635206134,11.690723241942724,494,407,17.61133603238867,482,395,False
