hash,primitive,scheme,status,elements_per_leaf,leaf_bytes,native_leaf_calls,standard_leaf_calls,relative_calls,calls_saved,saving_percent,standard_fallback,plan_kind,gadgets,md_head_calls,md_tail_calls,zero_padding_bits,oracle_payload_bits,fresh_bits_per_gadget,md_tail_payload_bits,input_prefix_bytes
sha256,SHA-256 compression,standard,existing,1,4,1,1,1.000000000000,0,0.000000000000,false,standard,0,0,0,,,,,0
sha256,SHA-256 compression,t8,existing,1,4,6,1,6.000000000000,-5,-500.000000000000,false,current-t8,1,0,0,2016,,,,0
sha3_256,Keccak-f[1600] permutation,standard,existing,1,4,1,1,1.000000000000,0,0.000000000000,false,standard,0,0,0,,,,,0
sha3_256,Keccak-f[1600] permutation,t8,existing,1,4,3,1,3.000000000000,-2,-200.000000000000,false,current-t8,1,0,0,2016,,,,0
blake3,BLAKE3 compression,standard,existing,1,4,1,1,1.000000000000,0,0.000000000000,false,standard,0,0,0,,,,,0
blake3,BLAKE3 compression,t8,existing,1,4,3,1,3.000000000000,-2,-200.000000000000,false,current-t8,1,0,0,2016,,,,0
sha256,SHA-256 compression,t253,existing,1,4,1,1,1.000000000000,0,0.000000000000,true,standard-fallback,0,0,0,,,,,0
blake3,BLAKE3 compression,t8-hybrid,theoretical-candidate,1,4,1,1,1.000000000000,0,0.000000000000,false,md-only,0,1,0,736,768,1792,512,0
blake3,BLAKE3 compression,t277-hybrid,theoretical-candidate,1,4,1,1,1.000000000000,0,0.000000000000,false,md-only,0,1,0,792,824,1960,568,0
sha256,SHA-256 compression,abr569-hybrid,theoretical-candidate,1,4,1,1,1.000000000000,0,0.000000000000,false,md-only,0,1,0,728,760,4296,504,0
blake3,BLAKE3 compression,abr625-hybrid,theoretical-candidate,1,4,1,1,1.000000000000,0,0.000000000000,false,md-only,0,1,0,792,824,4744,568,0
sha256,SHA-256 compression,t255bits-hybrid,theoretical-candidate,1,4,1,1,1.000000000000,0,0.000000000000,false,md-only,0,1,0,734,766,1786,510,0
sha3_256,Keccak-f[1600] permutation,t520-hybrid,theoretical-candidate,1,4,1,1,1.000000000000,0,0.000000000000,false,md-only,0,1,0,1440,1472,3904,1216,0
sha3_256,Keccak-f[1600] permutation,shake128,specified-alternative,1,4,1,1,1.000000000000,0,0.000000000000,false,sponge,0,0,0,,,,,0
sha3_256,Keccak-f[1600] permutation,spongedm-c272-prefix17,theoretical-candidate,1,4,1,1,1.000000000000,0,0.000000000000,false,sponge,0,0,0,,,,,17
sha3_256,Keccak-f[1600] permutation,spongedm-c320-prefix17,theoretical-candidate,1,4,1,1,1.000000000000,0,0.000000000000,false,sponge,0,0,0,,,,,17
sha256,SHA-256 compression,rawmd-fixedwidth,theoretical-candidate,1,4,1,1,1.000000000000,0,0.000000000000,false,fixed-width-md,0,0,1,480,768,,512,0
sha3_256,Keccak-f[1600] permutation,pa199-fixedwidth,theoretical-candidate,1,4,1,1,1.000000000000,0,0.000000000000,false,fixed-width-md,0,0,1,1304,1592,,1336,0
sha256,SHA-256 compression,standard,existing,2,8,1,1,1.000000000000,0,0.000000000000,false,standard,0,0,0,,,,,0
sha256,SHA-256 compression,t8,existing,2,8,6,1,6.000000000000,-5,-500.000000000000,false,current-t8,1,0,0,1984,,,,0
sha3_256,Keccak-f[1600] permutation,standard,existing,2,8,1,1,1.000000000000,0,0.000000000000,false,standard,0,0,0,,,,,0
sha3_256,Keccak-f[1600] permutation,t8,existing,2,8,3,1,3.000000000000,-2,-200.000000000000,false,current-t8,1,0,0,1984,,,,0
blake3,BLAKE3 compression,standard,existing,2,8,1,1,1.000000000000,0,0.000000000000,false,standard,0,0,0,,,,,0
blake3,BLAKE3 compression,t8,existing,2,8,3,1,3.000000000000,-2,-200.000000000000,false,current-t8,1,0,0,1984,,,,0
sha256,SHA-256 compression,t253,existing,2,8,1,1,1.000000000000,0,0.000000000000,true,standard-fallback,0,0,0,,,,,0
blake3,BLAKE3 compression,t8-hybrid,theoretical-candidate,2,8,1,1,1.000000000000,0,0.000000000000,false,md-only,0,1,0,704,768,1792,512,0
blake3,BLAKE3 compression,t277-hybrid,theoretical-candidate,2,8,1,1,1.000000000000,0,0.000000000000,false,md-only,0,1,0,760,824,1960,568,0
sha256,SHA-256 compression,abr569-hybrid,theoretical-candidate,2,8,1,1,1.000000000000,0,0.000000000000,false,md-only,0,1,0,696,760,4296,504,0
blake3,BLAKE3 compression,abr625-hybrid,theoretical-candidate,2,8,1,1,1.000000000000,0,0.000000000000,false,md-only,0,1,0,760,824,4744,568,0
sha256,SHA-256 compression,t255bits-hybrid,theoretical-candidate,2,8,1,1,1.000000000000,0,0.000000000000,false,md-only,0,1,0,702,766,1786,510,0
sha3_256,Keccak-f[1600] permutation,t520-hybrid,theoretical-candidate,2,8,1,1,1.000000000000,0,0.000000000000,false,md-only,0,1,0,1408,1472,3904,1216,0
sha3_256,Keccak-f[1600] permutation,shake128,specified-alternative,2,8,1,1,1.000000000000,0,0.000000000000,false,sponge,0,0,0,,,,,0
sha3_256,Keccak-f[1600] permutation,spongedm-c272-prefix17,theoretical-candidate,2,8,1,1,1.000000000000,0,0.000000000000,false,sponge,0,0,0,,,,,17
sha3_256,Keccak-f[1600] permutation,spongedm-c320-prefix17,theoretical-candidate,2,8,1,1,1.000000000000,0,0.000000000000,false,sponge,0,0,0,,,,,17
sha256,SHA-256 compression,rawmd-fixedwidth,theoretical-candidate,2,8,1,1,1.000000000000,0,0.000000000000,false,fixed-width-md,0,0,1,448,768,,512,0
sha3_256,Keccak-f[1600] permutation,pa199-fixedwidth,theoretical-candidate,2,8,1,1,1.000000000000,0,0.000000000000,false,fixed-width-md,0,0,1,1272,1592,,1336,0
sha256,SHA-256 compression,standard,existing,4,16,1,1,1.000000000000,0,0.000000000000,false,standard,0,0,0,,,,,0
sha256,SHA-256 compression,t8,existing,4,16,6,1,6.000000000000,-5,-500.000000000000,false,current-t8,1,0,0,1920,,,,0
sha3_256,Keccak-f[1600] permutation,standard,existing,4,16,1,1,1.000000000000,0,0.000000000000,false,standard,0,0,0,,,,,0
sha3_256,Keccak-f[1600] permutation,t8,existing,4,16,3,1,3.000000000000,-2,-200.000000000000,false,current-t8,1,0,0,1920,,,,0
blake3,BLAKE3 compression,standard,existing,4,16,1,1,1.000000000000,0,0.000000000000,false,standard,0,0,0,,,,,0
blake3,BLAKE3 compression,t8,existing,4,16,3,1,3.000000000000,-2,-200.000000000000,false,current-t8,1,0,0,1920,,,,0
sha256,SHA-256 compression,t253,existing,4,16,1,1,1.000000000000,0,0.000000000000,true,standard-fallback,0,0,0,,,,,0
blake3,BLAKE3 compression,t8-hybrid,theoretical-candidate,4,16,1,1,1.000000000000,0,0.000000000000,false,md-only,0,1,0,640,768,1792,512,0
blake3,BLAKE3 compression,t277-hybrid,theoretical-candidate,4,16,1,1,1.000000000000,0,0.000000000000,false,md-only,0,1,0,696,824,1960,568,0
sha256,SHA-256 compression,abr569-hybrid,theoretical-candidate,4,16,1,1,1.000000000000,0,0.000000000000,false,md-only,0,1,0,632,760,4296,504,0
blake3,BLAKE3 compression,abr625-hybrid,theoretical-candidate,4,16,1,1,1.000000000000,0,0.000000000000,false,md-only,0,1,0,696,824,4744,568,0
sha256,SHA-256 compression,t255bits-hybrid,theoretical-candidate,4,16,1,1,1.000000000000,0,0.000000000000,false,md-only,0,1,0,638,766,1786,510,0
sha3_256,Keccak-f[1600] permutation,t520-hybrid,theoretical-candidate,4,16,1,1,1.000000000000,0,0.000000000000,false,md-only,0,1,0,1344,1472,3904,1216,0
sha3_256,Keccak-f[1600] permutation,shake128,specified-alternative,4,16,1,1,1.000000000000,0,0.000000000000,false,sponge,0,0,0,,,,,0
sha3_256,Keccak-f[1600] permutation,spongedm-c272-prefix17,theoretical-candidate,4,16,1,1,1.000000000000,0,0.000000000000,false,sponge,0,0,0,,,,,17
sha3_256,Keccak-f[1600] permutation,spongedm-c320-prefix17,theoretical-candidate,4,16,1,1,1.000000000000,0,0.000000000000,false,sponge,0,0,0,,,,,17
sha256,SHA-256 compression,rawmd-fixedwidth,theoretical-candidate,4,16,1,1,1.000000000000,0,0.000000000000,false,fixed-width-md,0,0,1,384,768,,512,0
sha3_256,Keccak-f[1600] permutation,pa199-fixedwidth,theoretical-candidate,4,16,1,1,1.000000000000,0,0.000000000000,false,fixed-width-md,0,0,1,1208,1592,,1336,0
sha256,SHA-256 compression,standard,existing,8,32,1,1,1.000000000000,0,0.000000000000,false,standard,0,0,0,,,,,0
sha256,SHA-256 compression,t8,existing,8,32,6,1,6.000000000000,-5,-500.000000000000,false,current-t8,1,0,0,1792,,,,0
sha3_256,Keccak-f[1600] permutation,standard,existing,8,32,1,1,1.000000000000,0,0.000000000000,false,standard,0,0,0,,,,,0
sha3_256,Keccak-f[1600] permutation,t8,existing,8,32,3,1,3.000000000000,-2,-200.000000000000,false,current-t8,1,0,0,1792,,,,0
blake3,BLAKE3 compression,standard,existing,8,32,1,1,1.000000000000,0,0.000000000000,false,standard,0,0,0,,,,,0
blake3,BLAKE3 compression,t8,existing,8,32,3,1,3.000000000000,-2,-200.000000000000,false,current-t8,1,0,0,1792,,,,0
sha256,SHA-256 compression,t253,existing,8,32,1,1,1.000000000000,0,0.000000000000,true,standard-fallback,0,0,0,,,,,0
blake3,BLAKE3 compression,t8-hybrid,theoretical-candidate,8,32,1,1,1.000000000000,0,0.000000000000,false,md-only,0,1,0,512,768,1792,512,0
blake3,BLAKE3 compression,t277-hybrid,theoretical-candidate,8,32,1,1,1.000000000000,0,0.000000000000,false,md-only,0,1,0,568,824,1960,568,0
sha256,SHA-256 compression,abr569-hybrid,theoretical-candidate,8,32,1,1,1.000000000000,0,0.000000000000,false,md-only,0,1,0,504,760,4296,504,0
blake3,BLAKE3 compression,abr625-hybrid,theoretical-candidate,8,32,1,1,1.000000000000,0,0.000000000000,false,md-only,0,1,0,568,824,4744,568,0
sha256,SHA-256 compression,t255bits-hybrid,theoretical-candidate,8,32,1,1,1.000000000000,0,0.000000000000,false,md-only,0,1,0,510,766,1786,510,0
sha3_256,Keccak-f[1600] permutation,t520-hybrid,theoretical-candidate,8,32,1,1,1.000000000000,0,0.000000000000,false,md-only,0,1,0,1216,1472,3904,1216,0
sha3_256,Keccak-f[1600] permutation,shake128,specified-alternative,8,32,1,1,1.000000000000,0,0.000000000000,false,sponge,0,0,0,,,,,0
sha3_256,Keccak-f[1600] permutation,spongedm-c272-prefix17,theoretical-candidate,8,32,1,1,1.000000000000,0,0.000000000000,false,sponge,0,0,0,,,,,17
sha3_256,Keccak-f[1600] permutation,spongedm-c320-prefix17,theoretical-candidate,8,32,1,1,1.000000000000,0,0.000000000000,false,sponge,0,0,0,,,,,17
sha256,SHA-256 compression,rawmd-fixedwidth,theoretical-candidate,8,32,1,1,1.000000000000,0,0.000000000000,false,fixed-width-md,0,0,1,256,768,,512,0
sha3_256,Keccak-f[1600] permutation,pa199-fixedwidth,theoretical-candidate,8,32,1,1,1.000000000000,0,0.000000000000,false,fixed-width-md,0,0,1,1080,1592,,1336,0
sha256,SHA-256 compression,standard,existing,16,64,2,2,1.000000000000,0,0.000000000000,false,standard,0,0,0,,,,,0
sha256,SHA-256 compression,t8,existing,16,64,6,2,3.000000000000,-4,-200.000000000000,false,current-t8,1,0,0,1536,,,,0
sha3_256,Keccak-f[1600] permutation,standard,existing,16,64,1,1,1.000000000000,0,0.000000000000,false,standard,0,0,0,,,,,0
sha3_256,Keccak-f[1600] permutation,t8,existing,16,64,3,1,3.000000000000,-2,-200.000000000000,false,current-t8,1,0,0,1536,,,,0
blake3,BLAKE3 compression,standard,existing,16,64,1,1,1.000000000000,0,0.000000000000,false,standard,0,0,0,,,,,0
blake3,BLAKE3 compression,t8,existing,16,64,3,1,3.000000000000,-2,-200.000000000000,false,current-t8,1,0,0,1536,,,,0
sha256,SHA-256 compression,t253,existing,16,64,2,2,1.000000000000,0,0.000000000000,true,standard-fallback,0,0,0,,,,,0
blake3,BLAKE3 compression,t8-hybrid,theoretical-candidate,16,64,1,1,1.000000000000,0,0.000000000000,false,md-only,0,1,0,256,768,1792,512,0
blake3,BLAKE3 compression,t277-hybrid,theoretical-candidate,16,64,1,1,1.000000000000,0,0.000000000000,false,md-only,0,1,0,312,824,1960,568,0
sha256,SHA-256 compression,abr569-hybrid,theoretical-candidate,16,64,1,2,0.500000000000,1,50.000000000000,false,md-only,0,1,0,248,760,4296,504,0
blake3,BLAKE3 compression,abr625-hybrid,theoretical-candidate,16,64,1,1,1.000000000000,0,0.000000000000,false,md-only,0,1,0,312,824,4744,568,0
sha256,SHA-256 compression,t255bits-hybrid,theoretical-candidate,16,64,1,2,0.500000000000,1,50.000000000000,false,md-only,0,1,0,254,766,1786,510,0
sha3_256,Keccak-f[1600] permutation,t520-hybrid,theoretical-candidate,16,64,1,1,1.000000000000,0,0.000000000000,false,md-only,0,1,0,960,1472,3904,1216,0
sha3_256,Keccak-f[1600] permutation,shake128,specified-alternative,16,64,1,1,1.000000000000,0,0.000000000000,false,sponge,0,0,0,,,,,0
sha3_256,Keccak-f[1600] permutation,spongedm-c272-prefix17,theoretical-candidate,16,64,1,1,1.000000000000,0,0.000000000000,false,sponge,0,0,0,,,,,17
sha3_256,Keccak-f[1600] permutation,spongedm-c320-prefix17,theoretical-candidate,16,64,1,1,1.000000000000,0,0.000000000000,false,sponge,0,0,0,,,,,17
sha256,SHA-256 compression,rawmd-fixedwidth,theoretical-candidate,16,64,1,2,0.500000000000,1,50.000000000000,false,fixed-width-md,0,0,1,0,768,,512,0
sha3_256,Keccak-f[1600] permutation,pa199-fixedwidth,theoretical-candidate,16,64,1,1,1.000000000000,0,0.000000000000,false,fixed-width-md,0,0,1,824,1592,,1336,0
sha256,SHA-256 compression,standard,existing,32,128,3,3,1.000000000000,0,0.000000000000,false,standard,0,0,0,,,,,0
sha256,SHA-256 compression,t8,existing,32,128,6,3,2.000000000000,-3,-100.000000000000,false,current-t8,1,0,0,1024,,,,0
sha3_256,Keccak-f[1600] permutation,standard,existing,32,128,1,1,1.000000000000,0,0.000000000000,false,standard,0,0,0,,,,,0
sha3_256,Keccak-f[1600] permutation,t8,existing,32,128,3,1,3.000000000000,-2,-200.000000000000,false,current-t8,1,0,0,1024,,,,0
blake3,BLAKE3 compression,standard,existing,32,128,2,2,1.000000000000,0,0.000000000000,false,standard,0,0,0,,,,,0
blake3,BLAKE3 compression,t8,existing,32,128,3,2,1.500000000000,-1,-50.000000000000,false,current-t8,1,0,0,1024,,,,0
sha256,SHA-256 compression,t253,existing,32,128,3,3,1.000000000000,0,0.000000000000,true,standard-fallback,0,0,0,,,,,0
blake3,BLAKE3 compression,t8-hybrid,theoretical-candidate,32,128,2,2,1.000000000000,0,0.000000000000,false,md-only,0,1,1,256,768,1792,512,0
blake3,BLAKE3 compression,t277-hybrid,theoretical-candidate,32,128,2,2,1.000000000000,0,0.000000000000,false,md-only,0,1,1,368,824,1960,568,0
sha256,SHA-256 compression,abr569-hybrid,theoretical-candidate,32,128,2,3,0.666666666667,1,33.333333333333,false,md-only,0,1,1,240,760,4296,504,0
blake3,BLAKE3 compression,abr625-hybrid,theoretical-candidate,32,128,2,2,1.000000000000,0,0.000000000000,false,md-only,0,1,1,368,824,4744,568,0
sha256,SHA-256 compression,t255bits-hybrid,theoretical-candidate,32,128,2,3,0.666666666667,1,33.333333333333,false,md-only,0,1,1,252,766,1786,510,0
sha3_256,Keccak-f[1600] permutation,t520-hybrid,theoretical-candidate,32,128,1,1,1.000000000000,0,0.000000000000,false,md-only,0,1,0,448,1472,3904,1216,0
sha3_256,Keccak-f[1600] permutation,shake128,specified-alternative,32,128,1,1,1.000000000000,0,0.000000000000,false,sponge,0,0,0,,,,,0
sha3_256,Keccak-f[1600] permutation,spongedm-c272-prefix17,theoretical-candidate,32,128,1,1,1.000000000000,0,0.000000000000,false,sponge,0,0,0,,,,,17
sha3_256,Keccak-f[1600] permutation,spongedm-c320-prefix17,theoretical-candidate,32,128,1,1,1.000000000000,0,0.000000000000,false,sponge,0,0,0,,,,,17
sha256,SHA-256 compression,rawmd-fixedwidth,theoretical-candidate,32,128,2,3,0.666666666667,1,33.333333333333,false,fixed-width-md,0,0,2,0,768,,512,0
sha3_256,Keccak-f[1600] permutation,pa199-fixedwidth,theoretical-candidate,32,128,1,1,1.000000000000,0,0.000000000000,false,fixed-width-md,0,0,1,312,1592,,1336,0
sha256,SHA-256 compression,standard,existing,64,256,5,5,1.000000000000,0,0.000000000000,false,standard,0,0,0,,,,,0
sha256,SHA-256 compression,t8,existing,64,256,6,5,1.200000000000,-1,-20.000000000000,false,current-t8,1,0,0,0,,,,0
sha3_256,Keccak-f[1600] permutation,standard,existing,64,256,2,2,1.000000000000,0,0.000000000000,false,standard,0,0,0,,,,,0
sha3_256,Keccak-f[1600] permutation,t8,existing,64,256,3,2,1.500000000000,-1,-50.000000000000,false,current-t8,1,0,0,0,,,,0
blake3,BLAKE3 compression,standard,existing,64,256,4,4,1.000000000000,0,0.000000000000,false,standard,0,0,0,,,,,0
blake3,BLAKE3 compression,t8,existing,64,256,3,4,0.750000000000,1,25.000000000000,false,current-t8,1,0,0,0,,,,0
sha256,SHA-256 compression,t253,existing,64,256,4,5,0.800000000000,1,20.000000000000,false,current-t253,1,0,1,488,,,,0
blake3,BLAKE3 compression,t8-hybrid,theoretical-candidate,64,256,3,4,0.750000000000,1,25.000000000000,false,gadgets-md-tail,1,0,0,0,768,1792,512,0
blake3,BLAKE3 compression,t277-hybrid,theoretical-candidate,64,256,3,4,0.750000000000,1,25.000000000000,false,gadgets-padded,1,0,0,168,824,1960,568,0
sha256,SHA-256 compression,abr569-hybrid,theoretical-candidate,64,256,4,5,0.800000000000,1,20.000000000000,false,md-only,0,1,3,224,760,4296,504,0
blake3,BLAKE3 compression,abr625-hybrid,theoretical-candidate,64,256,4,4,1.000000000000,0,0.000000000000,false,md-only,0,1,3,480,824,4744,568,0
sha256,SHA-256 compression,t255bits-hybrid,theoretical-candidate,64,256,4,5,0.800000000000,1,20.000000000000,false,md-only,0,1,3,248,766,1786,510,0
sha3_256,Keccak-f[1600] permutation,t520-hybrid,theoretical-candidate,64,256,2,2,1.000000000000,0,0.000000000000,false,md-only,0,1,1,640,1472,3904,1216,0
sha3_256,Keccak-f[1600] permutation,shake128,specified-alternative,64,256,2,2,1.000000000000,0,0.000000000000,false,sponge,0,0,0,,,,,0
sha3_256,Keccak-f[1600] permutation,spongedm-c272-prefix17,theoretical-candidate,64,256,2,2,1.000000000000,0,0.000000000000,false,sponge,0,0,0,,,,,17
sha3_256,Keccak-f[1600] permutation,spongedm-c320-prefix17,theoretical-candidate,64,256,2,2,1.000000000000,0,0.000000000000,false,sponge,0,0,0,,,,,17
sha256,SHA-256 compression,rawmd-fixedwidth,theoretical-candidate,64,256,4,5,0.800000000000,1,20.000000000000,false,fixed-width-md,0,0,4,0,768,,512,0
sha3_256,Keccak-f[1600] permutation,pa199-fixedwidth,theoretical-candidate,64,256,2,2,1.000000000000,0,0.000000000000,false,fixed-width-md,0,0,2,624,1592,,1336,0
sha256,SHA-256 compression,standard,existing,128,512,9,9,1.000000000000,0,0.000000000000,false,standard,0,0,0,,,,,0
sha256,SHA-256 compression,t8,existing,128,512,18,9,2.000000000000,-9,-100.000000000000,false,current-t8,3,0,0,1536,,,,0
sha3_256,Keccak-f[1600] permutation,standard,existing,128,512,4,4,1.000000000000,0,0.000000000000,false,standard,0,0,0,,,,,0
sha3_256,Keccak-f[1600] permutation,t8,existing,128,512,9,4,2.250000000000,-5,-125.000000000000,false,current-t8,3,0,0,1536,,,,0
blake3,BLAKE3 compression,standard,existing,128,512,8,8,1.000000000000,0,0.000000000000,false,standard,0,0,0,,,,,0
blake3,BLAKE3 compression,t8,existing,128,512,9,8,1.125000000000,-1,-12.500000000000,false,current-t8,3,0,0,1536,,,,0
sha256,SHA-256 compression,t253,existing,128,512,7,9,0.777777777778,2,22.222222222222,false,current-t253,2,0,1,208,,,,0
blake3,BLAKE3 compression,t8-hybrid,theoretical-candidate,128,512,7,8,0.875000000000,1,12.500000000000,false,gadgets-md-tail,1,0,4,0,768,1792,512,0
blake3,BLAKE3 compression,t277-hybrid,theoretical-candidate,128,512,6,8,0.750000000000,2,25.000000000000,false,gadgets-padded,2,0,0,80,824,1960,568,0
sha256,SHA-256 compression,abr569-hybrid,theoretical-candidate,128,512,7,9,0.777777777778,2,22.222222222222,false,gadgets-padded,1,0,0,456,760,4296,504,0
blake3,BLAKE3 compression,abr625-hybrid,theoretical-candidate,128,512,7,8,0.875000000000,1,12.500000000000,false,md-only,0,1,6,136,824,4744,568,0
sha256,SHA-256 compression,t255bits-hybrid,theoretical-candidate,128,512,7,9,0.777777777778,2,22.222222222222,false,gadgets-md-tail,2,0,1,242,766,1786,510,0
sha3_256,Keccak-f[1600] permutation,t520-hybrid,theoretical-candidate,128,512,3,4,0.750000000000,1,25.000000000000,false,gadgets-padded,1,0,0,64,1472,3904,1216,0
sha3_256,Keccak-f[1600] permutation,shake128,specified-alternative,128,512,4,4,1.000000000000,0,0.000000000000,false,sponge,0,0,0,,,,,0
sha3_256,Keccak-f[1600] permutation,spongedm-c272-prefix17,theoretical-candidate,128,512,4,4,1.000000000000,0,0.000000000000,false,sponge,0,0,0,,,,,17
sha3_256,Keccak-f[1600] permutation,spongedm-c320-prefix17,theoretical-candidate,128,512,4,4,1.000000000000,0,0.000000000000,false,sponge,0,0,0,,,,,17
sha256,SHA-256 compression,rawmd-fixedwidth,theoretical-candidate,128,512,8,9,0.888888888889,1,11.111111111111,false,fixed-width-md,0,0,8,0,768,,512,0
sha3_256,Keccak-f[1600] permutation,pa199-fixedwidth,theoretical-candidate,128,512,4,4,1.000000000000,0,0.000000000000,false,fixed-width-md,0,0,4,1248,1592,,1336,0
sha256,SHA-256 compression,standard,existing,256,1024,17,17,1.000000000000,0,0.000000000000,false,standard,0,0,0,,,,,0
sha256,SHA-256 compression,t8,existing,256,1024,30,17,1.764705882353,-13,-76.470588235294,false,current-t8,5,0,0,1024,,,,0
sha3_256,Keccak-f[1600] permutation,standard,existing,256,1024,8,8,1.000000000000,0,0.000000000000,false,standard,0,0,0,,,,,0
sha3_256,Keccak-f[1600] permutation,t8,existing,256,1024,15,8,1.875000000000,-7,-87.500000000000,false,current-t8,5,0,0,1024,,,,0
blake3,BLAKE3 compression,standard,existing,256,1024,16,16,1.000000000000,0,0.000000000000,false,standard,0,0,0,,,,,0
blake3,BLAKE3 compression,t8,existing,256,1024,15,16,0.937500000000,1,6.250000000000,false,current-t8,5,0,0,1024,,,,0
sha256,SHA-256 compression,t253,existing,256,1024,14,17,0.823529411765,3,17.647058823529,false,current-t253,4,0,2,160,,,,0
blake3,BLAKE3 compression,t8-hybrid,theoretical-candidate,256,1024,14,16,0.875000000000,2,12.500000000000,false,gadgets-md-tail,3,0,5,0,768,1792,512,0
blake3,BLAKE3 compression,t277-hybrid,theoretical-candidate,256,1024,13,16,0.812500000000,3,18.750000000000,false,gadgets-md-tail,3,0,4,216,824,1960,568,0
sha256,SHA-256 compression,abr569-hybrid,theoretical-candidate,256,1024,14,17,0.823529411765,3,17.647058823529,false,gadgets-padded,2,0,0,656,760,4296,504,0
blake3,BLAKE3 compression,abr625-hybrid,theoretical-candidate,256,1024,13,16,0.812500000000,3,18.750000000000,false,gadgets-md-tail,1,0,6,216,824,4744,568,0
sha256,SHA-256 compression,t255bits-hybrid,theoretical-candidate,256,1024,14,17,0.823529411765,3,17.647058823529,false,gadgets-md-tail,4,0,2,228,766,1786,510,0
sha3_256,Keccak-f[1600] permutation,t520-hybrid,theoretical-candidate,256,1024,7,8,0.875000000000,1,12.500000000000,false,md-only,0,1,6,576,1472,3904,1216,0
sha3_256,Keccak-f[1600] permutation,shake128,specified-alternative,256,1024,7,8,0.875000000000,1,12.500000000000,false,sponge,0,0,0,,,,,0
sha3_256,Keccak-f[1600] permutation,spongedm-c272-prefix17,theoretical-candidate,256,1024,7,8,0.875000000000,1,12.500000000000,false,sponge,0,0,0,,,,,17
sha3_256,Keccak-f[1600] permutation,spongedm-c320-prefix17,theoretical-candidate,256,1024,7,8,0.875000000000,1,12.500000000000,false,sponge,0,0,0,,,,,17
sha256,SHA-256 compression,rawmd-fixedwidth,theoretical-candidate,256,1024,16,17,0.941176470588,1,5.882352941176,false,fixed-width-md,0,0,16,0,768,,512,0
sha3_256,Keccak-f[1600] permutation,pa199-fixedwidth,theoretical-candidate,256,1024,7,8,0.875000000000,1,12.500000000000,false,fixed-width-md,0,0,7,1160,1592,,1336,0
sha256,SHA-256 compression,standard,existing,512,2048,33,33,1.000000000000,0,0.000000000000,false,standard,0,0,0,,,,,0
sha256,SHA-256 compression,t8,existing,512,2048,54,33,1.636363636364,-21,-63.636363636364,false,current-t8,9,0,0,0,,,,0
sha3_256,Keccak-f[1600] permutation,standard,existing,512,2048,16,16,1.000000000000,0,0.000000000000,false,standard,0,0,0,,,,,0
sha3_256,Keccak-f[1600] permutation,t8,existing,512,2048,27,16,1.687500000000,-11,-68.750000000000,false,current-t8,9,0,0,0,,,,0
blake3,BLAKE3 compression,standard,existing,512,2048,33,33,1.000000000000,0,0.000000000000,false,standard,0,0,0,,,,,0
blake3,BLAKE3 compression,t8,existing,512,2048,27,33,0.818181818182,6,18.181818181818,false,current-t8,9,0,0,0,,,,0
sha256,SHA-256 compression,t253,existing,512,2048,28,33,0.848484848485,5,15.151515151515,false,current-t253,9,0,1,296,,,,0
blake3,BLAKE3 compression,t8-hybrid,theoretical-candidate,512,2048,27,33,0.818181818182,6,18.181818181818,false,gadgets-md-tail,9,0,0,0,768,1792,512,0
blake3,BLAKE3 compression,t277-hybrid,theoretical-candidate,512,2048,25,33,0.757575757576,8,24.242424242424,false,gadgets-md-tail,8,0,1,120,824,1960,568,0
sha256,SHA-256 compression,abr569-hybrid,theoretical-candidate,512,2048,28,33,0.848484848485,5,15.151515151515,false,gadgets-md-tail,3,0,7,288,760,4296,504,0
blake3,BLAKE3 compression,abr625-hybrid,theoretical-candidate,512,2048,25,33,0.757575757576,8,24.242424242424,false,gadgets-md-tail,3,0,4,376,824,4744,568,0
sha256,SHA-256 compression,t255bits-hybrid,theoretical-candidate,512,2048,28,33,0.848484848485,5,15.151515151515,false,gadgets-md-tail,8,0,4,200,766,1786,510,0
sha3_256,Keccak-f[1600] permutation,t520-hybrid,theoretical-candidate,512,2048,13,16,0.812500000000,3,18.750000000000,false,gadgets-md-tail,2,0,7,192,1472,3904,1216,0
sha3_256,Keccak-f[1600] permutation,shake128,specified-alternative,512,2048,13,16,0.812500000000,3,18.750000000000,false,sponge,0,0,0,,,,,0
sha3_256,Keccak-f[1600] permutation,spongedm-c272-prefix17,theoretical-candidate,512,2048,13,16,0.812500000000,3,18.750000000000,false,sponge,0,0,0,,,,,17
sha3_256,Keccak-f[1600] permutation,spongedm-c320-prefix17,theoretical-candidate,512,2048,13,16,0.812500000000,3,18.750000000000,false,sponge,0,0,0,,,,,17
sha256,SHA-256 compression,rawmd-fixedwidth,theoretical-candidate,512,2048,32,33,0.969696969697,1,3.030303030303,false,fixed-width-md,0,0,32,0,768,,512,0
sha3_256,Keccak-f[1600] permutation,pa199-fixedwidth,theoretical-candidate,512,2048,13,16,0.812500000000,3,18.750000000000,false,fixed-width-md,0,0,13,984,1592,,1336,0
sha256,SHA-256 compression,standard,existing,1024,4096,65,65,1.000000000000,0,0.000000000000,false,standard,0,0,0,,,,,0
sha256,SHA-256 compression,t8,existing,1024,4096,114,65,1.753846153846,-49,-75.384615384615,false,current-t8,19,0,0,1536,,,,0
sha3_256,Keccak-f[1600] permutation,standard,existing,1024,4096,31,31,1.000000000000,0,0.000000000000,false,standard,0,0,0,,,,,0
sha3_256,Keccak-f[1600] permutation,t8,existing,1024,4096,57,31,1.838709677419,-26,-83.870967741935,false,current-t8,19,0,0,1536,,,,0
blake3,BLAKE3 compression,standard,existing,1024,4096,67,67,1.000000000000,0,0.000000000000,false,standard,0,0,0,,,,,0
blake3,BLAKE3 compression,t8,existing,1024,4096,57,67,0.850746268657,10,14.925373134328,false,current-t8,19,0,0,1536,,,,0
sha256,SHA-256 compression,t253,existing,1024,4096,56,65,0.861538461538,9,13.846153846154,false,current-t253,18,0,2,336,,,,0
blake3,BLAKE3 compression,t8-hybrid,theoretical-candidate,1024,4096,55,67,0.820895522388,12,17.910447761194,false,gadgets-md-tail,17,0,4,0,768,1792,512,0
blake3,BLAKE3 compression,t277-hybrid,theoretical-candidate,1024,4096,51,67,0.761194029851,16,23.880597014925,false,gadgets-md-tail,14,0,9,40,824,1960,568,0
sha256,SHA-256 compression,abr569-hybrid,theoretical-candidate,1024,4096,54,65,0.830769230769,11,16.923076923077,false,gadgets-md-tail,7,0,5,80,760,4296,504,0
blake3,BLAKE3 compression,abr625-hybrid,theoretical-candidate,1024,4096,49,67,0.731343283582,18,26.865671641791,false,gadgets-padded,7,0,0,696,824,4744,568,0
sha256,SHA-256 compression,t255bits-hybrid,theoretical-candidate,1024,4096,55,65,0.846153846154,10,15.384615384615,false,gadgets-md-tail,18,0,1,146,766,1786,510,0
sha3_256,Keccak-f[1600] permutation,t520-hybrid,theoretical-candidate,1024,4096,26,31,0.838709677419,5,16.129032258065,false,gadgets-md-tail,4,0,14,128,1472,3904,1216,0
sha3_256,Keccak-f[1600] permutation,shake128,specified-alternative,1024,4096,25,31,0.806451612903,6,19.354838709677,false,sponge,0,0,0,,,,,0
sha3_256,Keccak-f[1600] permutation,spongedm-c272-prefix17,theoretical-candidate,1024,4096,25,31,0.806451612903,6,19.354838709677,false,sponge,0,0,0,,,,,17
sha3_256,Keccak-f[1600] permutation,spongedm-c320-prefix17,theoretical-candidate,1024,4096,26,31,0.838709677419,5,16.129032258065,false,sponge,0,0,0,,,,,17
sha256,SHA-256 compression,rawmd-fixedwidth,theoretical-candidate,1024,4096,64,65,0.984615384615,1,1.538461538462,false,fixed-width-md,0,0,64,0,768,,512,0
sha3_256,Keccak-f[1600] permutation,pa199-fixedwidth,theoretical-candidate,1024,4096,25,31,0.806451612903,6,19.354838709677,false,fixed-width-md,0,0,25,632,1592,,1336,0
sha256,SHA-256 compression,standard,existing,2048,8192,129,129,1.000000000000,0,0.000000000000,false,standard,0,0,0,,,,,0
sha256,SHA-256 compression,t8,existing,2048,8192,222,129,1.720930232558,-93,-72.093023255814,false,current-t8,37,0,0,1024,,,,0
sha3_256,Keccak-f[1600] permutation,standard,existing,2048,8192,61,61,1.000000000000,0,0.000000000000,false,standard,0,0,0,,,,,0
sha3_256,Keccak-f[1600] permutation,t8,existing,2048,8192,111,61,1.819672131148,-50,-81.967213114754,false,current-t8,37,0,0,1024,,,,0
blake3,BLAKE3 compression,standard,existing,2048,8192,135,135,1.000000000000,0,0.000000000000,false,standard,0,0,0,,,,,0
blake3,BLAKE3 compression,t8,existing,2048,8192,111,135,0.822222222222,24,17.777777777778,false,current-t8,37,0,0,1024,,,,0
sha256,SHA-256 compression,t253,existing,2048,8192,112,129,0.868217054264,17,13.178294573643,false,current-t253,36,0,4,416,,,,0
blake3,BLAKE3 compression,t8-hybrid,theoretical-candidate,2048,8192,110,135,0.814814814815,25,18.518518518519,false,gadgets-md-tail,35,0,5,0,768,1792,512,0
blake3,BLAKE3 compression,t277-hybrid,theoretical-candidate,2048,8192,101,135,0.748148148148,34,25.185185185185,false,gadgets-md-tail,31,0,8,24,824,1960,568,0
sha256,SHA-256 compression,abr569-hybrid,theoretical-candidate,2048,8192,107,129,0.829457364341,22,17.054263565891,false,gadgets-md-tail,15,0,2,168,760,4296,504,0
blake3,BLAKE3 compression,abr625-hybrid,theoretical-candidate,2048,8192,98,135,0.725925925926,37,27.407407407407,false,gadgets-md-tail,13,0,7,368,824,4744,568,0
sha256,SHA-256 compression,t255bits-hybrid,theoretical-candidate,2048,8192,110,129,0.852713178295,19,14.728682170543,false,gadgets-md-tail,36,0,2,36,766,1786,510,0
sha3_256,Keccak-f[1600] permutation,t520-hybrid,theoretical-candidate,2048,8192,51,61,0.836065573770,10,16.393442622951,false,gadgets-md-tail,13,0,12,64,1472,3904,1216,0
sha3_256,Keccak-f[1600] permutation,shake128,specified-alternative,2048,8192,49,61,0.803278688525,12,19.672131147541,false,sponge,0,0,0,,,,,0
sha3_256,Keccak-f[1600] permutation,spongedm-c272-prefix17,theoretical-candidate,2048,8192,50,61,0.819672131148,11,18.032786885246,false,sponge,0,0,0,,,,,17
sha3_256,Keccak-f[1600] permutation,spongedm-c320-prefix17,theoretical-candidate,2048,8192,52,61,0.852459016393,9,14.754098360656,false,sponge,0,0,0,,,,,17
sha256,SHA-256 compression,rawmd-fixedwidth,theoretical-candidate,2048,8192,128,129,0.992248062016,1,0.775193798450,false,fixed-width-md,0,0,128,0,768,,512,0
sha3_256,Keccak-f[1600] permutation,pa199-fixedwidth,theoretical-candidate,2048,8192,50,61,0.819672131148,11,18.032786885246,false,fixed-width-md,0,0,50,1264,1592,,1336,0
sha256,SHA-256 compression,standard,existing,4096,16384,257,257,1.000000000000,0,0.000000000000,false,standard,0,0,0,,,,,0
sha256,SHA-256 compression,t8,existing,4096,16384,438,257,1.704280155642,-181,-70.428015564202,false,current-t8,73,0,0,0,,,,0
sha3_256,Keccak-f[1600] permutation,standard,existing,4096,16384,121,121,1.000000000000,0,0.000000000000,false,standard,0,0,0,,,,,0
sha3_256,Keccak-f[1600] permutation,t8,existing,4096,16384,219,121,1.809917355372,-98,-80.991735537190,false,current-t8,73,0,0,0,,,,0
blake3,BLAKE3 compression,standard,existing,4096,16384,271,271,1.000000000000,0,0.000000000000,false,standard,0,0,0,,,,,0
blake3,BLAKE3 compression,t8,existing,4096,16384,219,271,0.808118081181,52,19.188191881919,false,current-t8,73,0,0,0,,,,0
sha256,SHA-256 compression,t253,existing,4096,16384,223,257,0.867704280156,34,13.229571984436,false,current-t253,73,0,4,296,,,,0
blake3,BLAKE3 compression,t8-hybrid,theoretical-candidate,4096,16384,219,271,0.808118081181,52,19.188191881919,false,gadgets-md-tail,73,0,0,0,768,1792,512,0
blake3,BLAKE3 compression,t277-hybrid,theoretical-candidate,4096,16384,201,271,0.741697416974,70,25.830258302583,false,gadgets-md-tail,66,0,3,248,824,1960,568,0
sha256,SHA-256 compression,abr569-hybrid,theoretical-candidate,4096,16384,214,257,0.832684824903,43,16.731517509728,false,gadgets-md-tail,30,0,4,80,760,4296,504,0
blake3,BLAKE3 compression,abr625-hybrid,theoretical-candidate,4096,16384,194,271,0.715867158672,77,28.413284132841,false,gadgets-md-tail,27,0,5,112,824,4744,568,0
sha256,SHA-256 compression,t255bits-hybrid,theoretical-candidate,4096,16384,220,257,0.856031128405,37,14.396887159533,false,gadgets-md-tail,73,0,1,72,766,1786,510,0
sha3_256,Keccak-f[1600] permutation,t520-hybrid,theoretical-candidate,4096,16384,101,121,0.834710743802,20,16.528925619835,false,gadgets-md-tail,32,0,5,192,1472,3904,1216,0
sha3_256,Keccak-f[1600] permutation,shake128,specified-alternative,4096,16384,98,121,0.809917355372,23,19.008264462810,false,sponge,0,0,0,,,,,0
sha3_256,Keccak-f[1600] permutation,spongedm-c272-prefix17,theoretical-candidate,4096,16384,99,121,0.818181818182,22,18.181818181818,false,sponge,0,0,0,,,,,17
sha3_256,Keccak-f[1600] permutation,spongedm-c320-prefix17,theoretical-candidate,4096,16384,103,121,0.851239669421,18,14.876033057851,false,sponge,0,0,0,,,,,17
sha256,SHA-256 compression,rawmd-fixedwidth,theoretical-candidate,4096,16384,256,257,0.996108949416,1,0.389105058366,false,fixed-width-md,0,0,256,0,768,,512,0
sha3_256,Keccak-f[1600] permutation,pa199-fixedwidth,theoretical-candidate,4096,16384,99,121,0.818181818182,22,18.181818181818,false,fixed-width-md,0,0,99,1192,1592,,1336,0
sha256,SHA-256 compression,standard,existing,8192,32768,513,513,1.000000000000,0,0.000000000000,false,standard,0,0,0,,,,,0
sha256,SHA-256 compression,t8,existing,8192,32768,882,513,1.719298245614,-369,-71.929824561404,false,current-t8,147,0,0,1536,,,,0
sha3_256,Keccak-f[1600] permutation,standard,existing,8192,32768,241,241,1.000000000000,0,0.000000000000,false,standard,0,0,0,,,,,0
sha3_256,Keccak-f[1600] permutation,t8,existing,8192,32768,441,241,1.829875518672,-200,-82.987551867220,false,current-t8,147,0,0,1536,,,,0
blake3,BLAKE3 compression,standard,existing,8192,32768,543,543,1.000000000000,0,0.000000000000,false,standard,0,0,0,,,,,0
blake3,BLAKE3 compression,t8,existing,8192,32768,441,543,0.812154696133,102,18.784530386740,false,current-t8,147,0,0,1536,,,,0
sha256,SHA-256 compression,t253,existing,8192,32768,445,513,0.867446393762,68,13.255360623782,false,current-t253,148,0,1,288,,,,0
blake3,BLAKE3 compression,t8-hybrid,theoretical-candidate,8192,32768,439,543,0.808471454880,104,19.152854511971,false,gadgets-md-tail,145,0,4,0,768,1792,512,0
blake3,BLAKE3 compression,t277-hybrid,theoretical-candidate,8192,32768,402,543,0.740331491713,141,25.966850828729,false,gadgets-md-tail,132,0,6,240,824,1960,568,0
sha256,SHA-256 compression,abr569-hybrid,theoretical-candidate,8192,32768,427,513,0.832358674464,86,16.764132553606,false,gadgets-padded,61,0,0,168,760,4296,504,0
blake3,BLAKE3 compression,abr625-hybrid,theoretical-candidate,8192,32768,387,543,0.712707182320,156,28.729281767956,false,gadgets-md-tail,55,0,2,168,824,4744,568,0
sha256,SHA-256 compression,t255bits-hybrid,theoretical-candidate,8192,32768,441,513,0.859649122807,72,14.035087719298,false,gadgets-md-tail,145,0,6,142,766,1786,510,0
sha3_256,Keccak-f[1600] permutation,t520-hybrid,theoretical-candidate,8192,32768,202,241,0.838174273859,39,16.182572614108,false,gadgets-md-tail,64,0,10,128,1472,3904,1216,0
sha3_256,Keccak-f[1600] permutation,shake128,specified-alternative,8192,32768,196,241,0.813278008299,45,18.672199170124,false,sponge,0,0,0,,,,,0
sha3_256,Keccak-f[1600] permutation,spongedm-c272-prefix17,theoretical-candidate,8192,32768,198,241,0.821576763485,43,17.842323651452,false,sponge,0,0,0,,,,,17
sha3_256,Keccak-f[1600] permutation,spongedm-c320-prefix17,theoretical-candidate,8192,32768,205,241,0.850622406639,36,14.937759336100,false,sponge,0,0,0,,,,,17
sha256,SHA-256 compression,rawmd-fixedwidth,theoretical-candidate,8192,32768,512,513,0.998050682261,1,0.194931773879,false,fixed-width-md,0,0,512,0,768,,512,0
sha3_256,Keccak-f[1600] permutation,pa199-fixedwidth,theoretical-candidate,8192,32768,197,241,0.817427385892,44,18.257261410788,false,fixed-width-md,0,0,197,1048,1592,,1336,0
sha256,SHA-256 compression,standard,existing,16384,65536,1025,1025,1.000000000000,0,0.000000000000,false,standard,0,0,0,,,,,0
sha256,SHA-256 compression,t8,existing,16384,65536,1758,1025,1.715121951220,-733,-71.512195121951,false,current-t8,293,0,0,1024,,,,0
sha3_256,Keccak-f[1600] permutation,standard,existing,16384,65536,482,482,1.000000000000,0,0.000000000000,false,standard,0,0,0,,,,,0
sha3_256,Keccak-f[1600] permutation,t8,existing,16384,65536,879,482,1.823651452282,-397,-82.365145228216,false,current-t8,293,0,0,1024,,,,0
blake3,BLAKE3 compression,standard,existing,16384,65536,1087,1087,1.000000000000,0,0.000000000000,false,standard,0,0,0,,,,,0
blake3,BLAKE3 compression,t8,existing,16384,65536,879,1087,0.808647654094,208,19.135234590616,false,current-t8,293,0,0,1024,,,,0
sha256,SHA-256 compression,t253,existing,16384,65536,890,1025,0.868292682927,135,13.170731707317,false,current-t253,296,0,2,320,,,,0
blake3,BLAKE3 compression,t8-hybrid,theoretical-candidate,16384,65536,878,1087,0.807727690892,209,19.227230910764,false,gadgets-md-tail,291,0,5,0,768,1792,512,0
blake3,BLAKE3 compression,t277-hybrid,theoretical-candidate,16384,65536,803,1087,0.738730450782,284,26.126954921803,false,gadgets-md-tail,266,0,5,168,824,1960,568,0
sha256,SHA-256 compression,abr569-hybrid,theoretical-candidate,16384,65536,854,1025,0.833170731707,171,16.682926829268,false,gadgets-padded,122,0,0,80,760,4296,504,0
blake3,BLAKE3 compression,abr625-hybrid,theoretical-candidate,16384,65536,774,1087,0.712051517939,313,28.794848206072,false,gadgets-md-tail,110,0,4,80,824,4744,568,0
sha256,SHA-256 compression,t255bits-hybrid,theoretical-candidate,16384,65536,881,1025,0.859512195122,144,14.048780487805,false,gadgets-md-tail,292,0,5,30,766,1786,510,0
sha3_256,Keccak-f[1600] permutation,t520-hybrid,theoretical-candidate,16384,65536,403,482,0.836099585062,79,16.390041493776,false,gadgets-md-tail,133,0,4,64,1472,3904,1216,0
sha3_256,Keccak-f[1600] permutation,shake128,specified-alternative,16384,65536,391,482,0.811203319502,91,18.879668049793,false,sponge,0,0,0,,,,,0
sha3_256,Keccak-f[1600] permutation,spongedm-c272-prefix17,theoretical-candidate,16384,65536,395,482,0.819502074689,87,18.049792531120,false,sponge,0,0,0,,,,,17
sha3_256,Keccak-f[1600] permutation,spongedm-c320-prefix17,theoretical-candidate,16384,65536,410,482,0.850622406639,72,14.937759336100,false,sponge,0,0,0,,,,,17
sha256,SHA-256 compression,rawmd-fixedwidth,theoretical-candidate,16384,65536,1024,1025,0.999024390244,1,0.097560975610,false,fixed-width-md,0,0,1024,0,768,,512,0
sha3_256,Keccak-f[1600] permutation,pa199-fixedwidth,theoretical-candidate,16384,65536,393,482,0.815352697095,89,18.464730290456,false,fixed-width-md,0,0,393,760,1592,,1336,0
