hash,scheme,operation,total_log,width_log,total_elements,elements_per_leaf,leaves,matrix_bytes,operation_input_bytes,digest_bytes,path_bytes,primitive,native_calls,abstract_leaf_calls,samples,iterations_per_sample,median_ns,p10_ns,p90_ns,variant,run,threads
sha256,standard,commit,20,6,1048576,64,16384,4194304,4194304,1048544,448,SHA-256 compression,98303,0,7,36,683690.972,673996.761,703298.844,before,1,4
sha256,standard,verify,20,6,1048576,64,16384,4194304,256,1048544,448,SHA-256 compression,19,0,7,41129,570.667,566.709,586.296,before,1,4
sha256,t5,commit,20,6,1048576,64,16384,4194304,4194304,1048544,448,SHA-256 compression,114687,98304,7,26,878000.000,868780.462,885195.192,before,1,4
sha256,t5,verify,20,6,1048576,64,16384,4194304,256,1048544,448,SHA-256 compression,20,6,7,43078,617.832,610.234,621.242,before,1,4
sha256,t8,commit,20,6,1048576,64,16384,4194304,4194304,1048544,448,SHA-256 compression,114687,49152,7,36,735464.139,730107.633,741665.967,before,1,4
sha256,t8,verify,20,6,1048576,64,16384,4194304,256,1048544,448,SHA-256 compression,20,3,7,43055,599.287,595.556,604.703,before,1,4
sha256,abr-wide,commit,20,6,1048576,64,16384,4194304,4194304,1048544,448,SHA-256 compression,81919,65536,7,50,529809.160,515156.164,542668.336,before,1,4
sha256,abr-wide,verify,20,6,1048576,64,16384,4194304,256,1048544,448,SHA-256 compression,18,4,7,46168,565.934,560.334,569.126,before,1,4
sha256,standard,commit,20,14,1048576,16384,64,4194304,4194304,4064,192,SHA-256 compression,65663,0,7,53,486437.113,478768.230,488179.238,before,1,4
sha256,standard,verify,20,14,1048576,16384,64,4194304,65536,4064,192,SHA-256 compression,1031,0,7,986,26262.044,26067.342,26308.553,before,1,4
sha256,t5,commit,20,14,1048576,16384,64,4194304,4194304,4064,192,SHA-256 compression,98367,98304,7,37,737765.784,722866.903,784118.254,before,1,4
sha256,t5,verify,20,14,1048576,16384,64,4194304,65536,4064,192,SHA-256 compression,1542,1536,7,671,37988.885,37612.730,38507.216,before,1,4
sha256,t8,commit,20,14,1048576,16384,64,4194304,4194304,4064,192,SHA-256 compression,112575,56256,7,40,707022.925,699505.625,715851.035,before,1,4
sha256,t8,verify,20,14,1048576,16384,64,4194304,65536,4064,192,SHA-256 compression,1764,879,7,671,37845.566,37725.857,38522.652,before,1,4
sha256,abr-wide,commit,20,14,1048576,16384,64,4194304,4194304,4064,192,SHA-256 compression,54719,54656,7,89,289944.292,289023.416,291474.539,before,1,4
sha256,abr-wide,verify,20,14,1048576,16384,64,4194304,65536,4064,192,SHA-256 compression,860,854,7,1644,15557.988,15542.189,15612.505,before,1,4
sha3_256,standard,commit,20,6,1048576,64,16384,4194304,4194304,1048544,448,Keccak-f[1600] permutation,49151,0,7,24,1092769.083,1085915.617,1103449.308,before,1,4
sha3_256,standard,verify,20,6,1048576,64,16384,4194304,256,1048544,448,Keccak-f[1600] permutation,16,0,7,11890,2176.707,2173.052,2178.598,before,1,4
sha3_256,t5,commit,20,6,1048576,64,16384,4194304,4194304,1048544,448,Keccak-f[1600] permutation,114687,98304,7,11,2324988.636,2302953.782,2344111.364,before,1,4
sha3_256,t5,verify,20,6,1048576,64,16384,4194304,256,1048544,448,Keccak-f[1600] permutation,20,6,7,9962,2493.701,2487.730,2497.085,before,1,4
sha3_256,t8,commit,20,6,1048576,64,16384,4194304,4194304,1048544,448,Keccak-f[1600] permutation,65535,49152,7,17,1408308.824,1401979.906,1415409.294,before,1,4
sha3_256,t8,verify,20,6,1048576,64,16384,4194304,256,1048544,448,Keccak-f[1600] permutation,17,3,7,11610,2210.932,2207.275,2220.101,before,1,4
sha3_256,standard,commit,20,14,1048576,16384,64,4194304,4194304,4064,192,Keccak-f[1600] permutation,30911,0,7,44,595976.341,593756.073,598854.750,before,1,4
sha3_256,standard,verify,20,14,1048576,16384,64,4194304,65536,4064,192,Keccak-f[1600] permutation,488,0,7,381,67897.856,67854.310,68019.073,before,1,4
sha3_256,t5,commit,20,14,1048576,16384,64,4194304,4194304,4064,192,Keccak-f[1600] permutation,98367,98304,7,14,1844020.857,1827446.400,1870714.271,before,1,4
sha3_256,t5,verify,20,14,1048576,16384,64,4194304,65536,4064,192,Keccak-f[1600] permutation,1542,1536,7,240,107575.692,107450.383,108116.806,before,1,4
sha3_256,t8,commit,20,14,1048576,16384,64,4194304,4194304,4064,192,Keccak-f[1600] permutation,56319,56256,7,24,1078536.458,1076404.875,1087702.083,before,1,4
sha3_256,t8,verify,20,14,1048576,16384,64,4194304,65536,4064,192,Keccak-f[1600] permutation,885,879,7,397,65126.050,65016.625,65198.173,before,1,4
blake3,standard,commit,20,6,1048576,64,16384,4194304,4194304,1048544,448,BLAKE3 compression,81919,0,7,37,702859.243,696552.022,705316.216,before,1,4
blake3,standard,verify,20,6,1048576,64,16384,4194304,256,1048544,448,BLAKE3 compression,18,0,7,23479,1089.388,1083.336,1091.761,before,1,4
blake3,t5,commit,20,6,1048576,64,16384,4194304,4194304,1048544,448,BLAKE3 compression,114687,98304,7,23,1071581.522,1067390.209,1086833.322,before,1,4
blake3,t5,verify,20,6,1048576,64,16384,4194304,256,1048544,448,BLAKE3 compression,20,6,7,22471,1148.080,1147.408,1149.444,before,1,4
blake3,t8,commit,20,6,1048576,64,16384,4194304,4194304,1048544,448,BLAKE3 compression,65535,49152,7,43,647955.419,615600.577,656290.116,before,1,4
blake3,t8,verify,20,6,1048576,64,16384,4194304,256,1048544,448,BLAKE3 compression,17,3,7,25117,1031.476,1030.067,1033.321,before,1,4
blake3,abr-wide,commit,20,6,1048576,64,16384,4194304,4194304,1048544,448,BLAKE3 compression,81919,65536,7,30,804675.000,802232.220,813544.160,before,1,4
blake3,abr-wide,verify,20,6,1048576,64,16384,4194304,256,1048544,448,BLAKE3 compression,18,4,7,22838,1125.907,1122.275,1126.437,before,1,4
blake3,standard,commit,20,14,1048576,16384,64,4194304,4194304,4064,192,BLAKE3 compression,69631,0,7,46,557841.478,550059.965,569340.770,before,1,4
blake3,standard,verify,20,14,1048576,16384,64,4194304,65536,4064,192,BLAKE3 compression,1093,0,7,846,30870.026,30714.352,31369.444,before,1,4
blake3,t5,commit,20,14,1048576,16384,64,4194304,4194304,4064,192,BLAKE3 compression,98367,98304,7,28,896947.929,877799.986,910513.979,before,1,4
blake3,t5,verify,20,14,1048576,16384,64,4194304,65536,4064,192,BLAKE3 compression,1542,1536,7,393,63801.845,63585.539,64251.144,before,1,4
blake3,t8,commit,20,14,1048576,16384,64,4194304,4194304,4064,192,BLAKE3 compression,56319,56256,7,56,449611.607,442300.746,460254.618,before,1,4
blake3,t8,verify,20,14,1048576,16384,64,4194304,65536,4064,192,BLAKE3 compression,885,879,7,696,37216.954,37102.897,37532.579,before,1,4
blake3,abr-wide,commit,20,14,1048576,16384,64,4194304,4194304,4064,192,BLAKE3 compression,49599,49536,7,64,407535.812,402803.906,446663.678,before,1,4
blake3,abr-wide,verify,20,14,1048576,16384,64,4194304,65536,4064,192,BLAKE3 compression,780,774,7,913,28138.874,28086.564,28321.943,before,1,4
sha256,standard,commit,20,6,1048576,64,16384,4194304,4194304,1048544,448,SHA-256 compression,98303,0,7,43,555678.302,552176.749,568710.274,after,1,4
sha256,standard,verify,20,6,1048576,64,16384,4194304,256,1048544,448,SHA-256 compression,19,0,7,43471,589.690,584.207,597.086,after,1,4
sha256,t5,commit,20,6,1048576,64,16384,4194304,4194304,1048544,448,SHA-256 compression,114687,98304,7,30,883626.400,866846.667,892979.713,after,1,4
sha256,t5,verify,20,6,1048576,64,16384,4194304,256,1048544,448,SHA-256 compression,20,6,7,42295,613.286,612.532,624.144,after,1,4
sha256,t8,commit,20,6,1048576,64,16384,4194304,4194304,1048544,448,SHA-256 compression,114687,49152,7,36,743903.944,721367.361,902012.278,after,1,4
sha256,t8,verify,20,6,1048576,64,16384,4194304,256,1048544,448,SHA-256 compression,20,3,7,43537,593.912,592.098,595.529,after,1,4
sha256,abr-wide,commit,20,6,1048576,64,16384,4194304,4194304,1048544,448,SHA-256 compression,81919,65536,7,51,507617.647,496647.714,527865.353,after,1,4
sha256,abr-wide,verify,20,6,1048576,64,16384,4194304,256,1048544,448,SHA-256 compression,18,4,7,45954,561.728,560.243,562.619,after,1,4
sha256,standard,commit,20,14,1048576,16384,64,4194304,4194304,4064,192,SHA-256 compression,65663,0,7,73,338311.082,336818.836,339695.090,after,1,4
sha256,standard,verify,20,14,1048576,16384,64,4194304,65536,4064,192,SHA-256 compression,1031,0,7,962,26169.309,26148.995,26228.733,after,1,4
sha256,t5,commit,20,14,1048576,16384,64,4194304,4194304,4064,192,SHA-256 compression,98367,98304,7,37,733514.649,720923.643,777258.573,after,1,4
sha256,t5,verify,20,14,1048576,16384,64,4194304,65536,4064,192,SHA-256 compression,1542,1536,7,635,38648.754,37616.522,38757.927,after,1,4
sha256,t8,commit,20,14,1048576,16384,64,4194304,4194304,4064,192,SHA-256 compression,112575,56256,7,38,702100.895,697476.758,704695.179,after,1,4
sha256,t8,verify,20,14,1048576,16384,64,4194304,65536,4064,192,SHA-256 compression,1764,879,7,685,37668.431,37606.156,37772.676,after,1,4
sha256,abr-wide,commit,20,14,1048576,16384,64,4194304,4194304,4064,192,SHA-256 compression,54719,54656,7,95,291221.053,290085.436,292798.777,after,1,4
sha256,abr-wide,verify,20,14,1048576,16384,64,4194304,65536,4064,192,SHA-256 compression,860,854,7,1659,15577.733,15537.166,15598.403,after,1,4
sha3_256,standard,commit,20,6,1048576,64,16384,4194304,4194304,1048544,448,Keccak-f[1600] permutation,49151,0,7,24,1093340.292,1087791.992,1100377.092,after,1,4
sha3_256,standard,verify,20,6,1048576,64,16384,4194304,256,1048544,448,Keccak-f[1600] permutation,16,0,7,11807,2175.920,2172.525,2183.897,after,1,4
sha3_256,t5,commit,20,6,1048576,64,16384,4194304,4194304,1048544,448,Keccak-f[1600] permutation,114687,98304,7,11,2319234.818,2300918.145,2330975.000,after,1,4
sha3_256,t5,verify,20,6,1048576,64,16384,4194304,256,1048544,448,Keccak-f[1600] permutation,20,6,7,10357,2490.928,2487.100,2492.701,after,1,4
sha3_256,t8,commit,20,6,1048576,64,16384,4194304,4194304,1048544,448,Keccak-f[1600] permutation,65535,49152,7,18,1412490.722,1405676.411,1430987.956,after,1,4
sha3_256,t8,verify,20,6,1048576,64,16384,4194304,256,1048544,448,Keccak-f[1600] permutation,17,3,7,11690,2209.527,2206.329,2220.026,after,1,4
sha3_256,standard,commit,20,14,1048576,16384,64,4194304,4194304,4064,192,Keccak-f[1600] permutation,30911,0,7,43,598473.837,591085.651,605254.065,after,1,4
sha3_256,standard,verify,20,14,1048576,16384,64,4194304,65536,4064,192,Keccak-f[1600] permutation,488,0,7,345,67951.330,67884.154,69296.595,after,1,4
sha3_256,t5,commit,20,14,1048576,16384,64,4194304,4194304,4064,192,Keccak-f[1600] permutation,98367,98304,7,14,1836047.643,1825545.214,1913126.814,after,1,4
sha3_256,t5,verify,20,14,1048576,16384,64,4194304,65536,4064,192,Keccak-f[1600] permutation,1542,1536,7,239,107531.381,107429.256,107652.719,after,1,4
sha3_256,t8,commit,20,14,1048576,16384,64,4194304,4194304,4064,192,Keccak-f[1600] permutation,56319,56256,7,24,1078333.333,1069002.758,1122161.450,after,1,4
sha3_256,t8,verify,20,14,1048576,16384,64,4194304,65536,4064,192,Keccak-f[1600] permutation,885,879,7,397,65153.652,65052.960,65232.598,after,1,4
blake3,standard,commit,20,6,1048576,64,16384,4194304,4194304,1048544,448,BLAKE3 compression,81919,0,7,37,701811.946,697797.059,708465.541,after,1,4
blake3,standard,verify,20,6,1048576,64,16384,4194304,256,1048544,448,BLAKE3 compression,18,0,7,23582,1087.869,1085.151,1089.301,after,1,4
blake3,t5,commit,20,6,1048576,64,16384,4194304,4194304,1048544,448,BLAKE3 compression,114687,98304,7,23,1054418.478,1050581.530,1056038.739,after,1,4
blake3,t5,verify,20,6,1048576,64,16384,4194304,256,1048544,448,BLAKE3 compression,20,6,7,22552,1143.544,1141.036,1144.308,after,1,4
blake3,t8,commit,20,6,1048576,64,16384,4194304,4194304,1048544,448,BLAKE3 compression,65535,49152,7,43,635840.116,618031.795,654533.130,after,1,4
blake3,t8,verify,20,6,1048576,64,16384,4194304,256,1048544,448,BLAKE3 compression,17,3,7,25052,1027.764,1025.743,1028.983,after,1,4
blake3,abr-wide,commit,20,6,1048576,64,16384,4194304,4194304,1048544,448,BLAKE3 compression,81919,65536,7,31,816298.387,799944.084,922576.342,after,1,4
blake3,abr-wide,verify,20,6,1048576,64,16384,4194304,256,1048544,448,BLAKE3 compression,18,4,7,23050,1121.630,1119.602,1126.826,after,1,4
blake3,standard,commit,20,14,1048576,16384,64,4194304,4194304,4064,192,BLAKE3 compression,69631,0,7,49,550537.408,543779.265,556362.922,after,1,4
blake3,standard,verify,20,14,1048576,16384,64,4194304,65536,4064,192,BLAKE3 compression,1093,0,7,846,30566.981,30523.936,30742.100,after,1,4
blake3,t5,commit,20,14,1048576,16384,64,4194304,4194304,4064,192,BLAKE3 compression,98367,98304,7,31,867489.258,858149.200,877719.613,after,1,4
blake3,t5,verify,20,14,1048576,16384,64,4194304,65536,4064,192,BLAKE3 compression,1542,1536,7,406,63512.419,63356.753,63674.404,after,1,4
blake3,t8,commit,20,14,1048576,16384,64,4194304,4194304,4064,192,BLAKE3 compression,56319,56256,7,54,446809.426,440598.296,450288.585,after,1,4
blake3,t8,verify,20,14,1048576,16384,64,4194304,65536,4064,192,BLAKE3 compression,885,879,7,690,37159.542,37104.082,37253.804,after,1,4
blake3,abr-wide,commit,20,14,1048576,16384,64,4194304,4194304,4064,192,BLAKE3 compression,49599,49536,7,59,404552.966,403509.176,425020.200,after,1,4
blake3,abr-wide,verify,20,14,1048576,16384,64,4194304,65536,4064,192,BLAKE3 compression,780,774,7,919,27966.358,27897.470,28051.805,after,1,4
sha256,standard,commit,20,6,1048576,64,16384,4194304,4194304,1048544,448,SHA-256 compression,98303,0,7,42,556910.714,550702.767,574510.119,after,2,4
sha256,standard,verify,20,6,1048576,64,16384,4194304,256,1048544,448,SHA-256 compression,19,0,7,44203,581.663,580.937,582.726,after,2,4
sha256,t5,commit,20,6,1048576,64,16384,4194304,4194304,1048544,448,SHA-256 compression,114687,98304,7,29,886834.759,849995.690,1563760.352,after,2,4
sha256,t5,verify,20,6,1048576,64,16384,4194304,256,1048544,448,SHA-256 compression,20,6,7,42983,612.646,611.920,614.280,after,2,4
sha256,t8,commit,20,6,1048576,64,16384,4194304,4194304,1048544,448,SHA-256 compression,114687,49152,7,36,724591.444,718230.094,741573.839,after,2,4
sha256,t8,verify,20,6,1048576,64,16384,4194304,256,1048544,448,SHA-256 compression,20,3,7,43797,591.243,590.330,592.256,after,2,4
sha256,abr-wide,commit,20,6,1048576,64,16384,4194304,4194304,1048544,448,SHA-256 compression,81919,65536,7,49,512682.837,504302.551,514412.241,after,2,4
sha256,abr-wide,verify,20,6,1048576,64,16384,4194304,256,1048544,448,SHA-256 compression,18,4,7,46130,560.739,559.134,561.497,after,2,4
sha256,standard,commit,20,14,1048576,16384,64,4194304,4194304,4064,192,SHA-256 compression,65663,0,7,78,336153.846,334253.949,338032.264,after,2,4
sha256,standard,verify,20,14,1048576,16384,64,4194304,65536,4064,192,SHA-256 compression,1031,0,7,986,26240.027,26136.012,26324.384,after,2,4
sha256,t5,commit,20,14,1048576,16384,64,4194304,4194304,4064,192,SHA-256 compression,98367,98304,7,34,730997.529,723538.235,740657.582,after,2,4
sha256,t5,verify,20,14,1048576,16384,64,4194304,65536,4064,192,SHA-256 compression,1542,1536,7,708,37722.987,37522.058,39049.682,after,2,4
sha256,t8,commit,20,14,1048576,16384,64,4194304,4194304,4064,192,SHA-256 compression,112575,56256,7,37,691522.541,686915.314,698495.957,after,2,4
sha256,t8,verify,20,14,1048576,16384,64,4194304,65536,4064,192,SHA-256 compression,1764,879,7,675,37673.764,37627.691,37827.098,after,2,4
sha256,abr-wide,commit,20,14,1048576,16384,64,4194304,4194304,4064,192,SHA-256 compression,54719,54656,7,89,293895.607,290420.321,295098.034,after,2,4
sha256,abr-wide,verify,20,14,1048576,16384,64,4194304,65536,4064,192,SHA-256 compression,860,854,7,1640,15564.812,15553.618,15594.060,after,2,4
sha3_256,standard,commit,20,6,1048576,64,16384,4194304,4194304,1048544,448,Keccak-f[1600] permutation,49151,0,7,24,1093475.708,1090318.417,1311437.142,after,2,4
sha3_256,standard,verify,20,6,1048576,64,16384,4194304,256,1048544,448,Keccak-f[1600] permutation,16,0,7,11887,2175.265,2169.732,2180.293,after,2,4
sha3_256,t5,commit,20,6,1048576,64,16384,4194304,4194304,1048544,448,Keccak-f[1600] permutation,114687,98304,7,11,2322693.182,2308622.018,2337880.291,after,2,4
sha3_256,t5,verify,20,6,1048576,64,16384,4194304,256,1048544,448,Keccak-f[1600] permutation,20,6,7,10132,2488.288,2485.927,2498.996,after,2,4
sha3_256,t8,commit,20,6,1048576,64,16384,4194304,4194304,1048544,448,Keccak-f[1600] permutation,65535,49152,7,18,1420888.889,1408397.667,1624251.822,after,2,4
sha3_256,t8,verify,20,6,1048576,64,16384,4194304,256,1048544,448,Keccak-f[1600] permutation,17,3,7,11692,2207.988,2204.509,2218.946,after,2,4
sha3_256,standard,commit,20,14,1048576,16384,64,4194304,4194304,4064,192,Keccak-f[1600] permutation,30911,0,7,43,596016.465,589664.926,599553.879,after,2,4
sha3_256,standard,verify,20,14,1048576,16384,64,4194304,65536,4064,192,Keccak-f[1600] permutation,488,0,7,381,68018.262,67835.106,68247.354,after,2,4
sha3_256,t5,commit,20,14,1048576,16384,64,4194304,4194304,4064,192,Keccak-f[1600] permutation,98367,98304,7,14,1832723.214,1827174.986,1849076.771,after,2,4
sha3_256,t5,verify,20,14,1048576,16384,64,4194304,65536,4064,192,Keccak-f[1600] permutation,1542,1536,7,237,107669.831,107550.176,107710.549,after,2,4
sha3_256,t8,commit,20,14,1048576,16384,64,4194304,4194304,4064,192,Keccak-f[1600] permutation,56319,56256,7,20,1087187.500,1078192.500,1095762.940,after,2,4
sha3_256,t8,verify,20,14,1048576,16384,64,4194304,65536,4064,192,Keccak-f[1600] permutation,885,879,7,397,65061.819,64993.199,65273.637,after,2,4
blake3,standard,commit,20,6,1048576,64,16384,4194304,4194304,1048544,448,BLAKE3 compression,81919,0,7,37,704280.405,695832.438,754341.881,after,2,4
blake3,standard,verify,20,6,1048576,64,16384,4194304,256,1048544,448,BLAKE3 compression,18,0,7,21609,1086.505,1083.402,1090.120,after,2,4
blake3,t5,commit,20,6,1048576,64,16384,4194304,4194304,1048544,448,BLAKE3 compression,114687,98304,7,24,1057869.792,1051734.717,1288936.783,after,2,4
blake3,t5,verify,20,6,1048576,64,16384,4194304,256,1048544,448,BLAKE3 compression,20,6,7,22464,1140.829,1139.092,1143.443,after,2,4
blake3,t8,commit,20,6,1048576,64,16384,4194304,4194304,1048544,448,BLAKE3 compression,65535,49152,7,43,627500.977,601138.767,666632.558,after,2,4
blake3,t8,verify,20,6,1048576,64,16384,4194304,256,1048544,448,BLAKE3 compression,17,3,7,24670,1027.966,1026.013,1028.891,after,2,4
blake3,abr-wide,commit,20,6,1048576,64,16384,4194304,4194304,1048544,448,BLAKE3 compression,81919,65536,7,32,803878.906,799590.637,805991.144,after,2,4
blake3,abr-wide,verify,20,6,1048576,64,16384,4194304,256,1048544,448,BLAKE3 compression,18,4,7,23072,1121.442,1119.717,1123.609,after,2,4
blake3,standard,commit,20,14,1048576,16384,64,4194304,4194304,4064,192,BLAKE3 compression,69631,0,7,48,548815.104,544323.092,554158.854,after,2,4
blake3,standard,verify,20,14,1048576,16384,64,4194304,65536,4064,192,BLAKE3 compression,1093,0,7,842,30538.499,30483.898,30556.364,after,2,4
blake3,t5,commit,20,14,1048576,16384,64,4194304,4194304,4064,192,BLAKE3 compression,98367,98304,7,28,882101.179,871884.521,892707.736,after,2,4
blake3,t5,verify,20,14,1048576,16384,64,4194304,65536,4064,192,BLAKE3 compression,1542,1536,7,404,63322.297,63263.675,63495.668,after,2,4
blake3,t8,commit,20,14,1048576,16384,64,4194304,4194304,4064,192,BLAKE3 compression,56319,56256,7,57,447274.123,441446.926,454977.491,after,2,4
blake3,t8,verify,20,14,1048576,16384,64,4194304,65536,4064,192,BLAKE3 compression,885,879,7,635,37363.452,37123.530,37967.625,after,2,4
blake3,abr-wide,commit,20,14,1048576,16384,64,4194304,4194304,4064,192,BLAKE3 compression,49599,49536,7,63,407203.048,400285.451,410864.283,after,2,4
blake3,abr-wide,verify,20,14,1048576,16384,64,4194304,65536,4064,192,BLAKE3 compression,780,774,7,919,27961.008,27913.475,28005.541,after,2,4
sha256,standard,commit,20,6,1048576,64,16384,4194304,4194304,1048544,448,SHA-256 compression,98303,0,7,35,646266.657,645426.680,668061.674,before,2,4
sha256,standard,verify,20,6,1048576,64,16384,4194304,256,1048544,448,SHA-256 compression,19,0,7,44227,582.891,581.659,584.691,before,2,4
sha256,t5,commit,20,6,1048576,64,16384,4194304,4194304,1048544,448,SHA-256 compression,114687,98304,7,30,866926.400,860897.773,1453393.607,before,2,4
sha256,t5,verify,20,6,1048576,64,16384,4194304,256,1048544,448,SHA-256 compression,20,6,7,42855,613.033,611.861,613.740,before,2,4
sha256,t8,commit,20,6,1048576,64,16384,4194304,4194304,1048544,448,SHA-256 compression,114687,49152,7,33,725775.273,715905.552,750706.564,before,2,4
sha256,t8,verify,20,6,1048576,64,16384,4194304,256,1048544,448,SHA-256 compression,20,3,7,43444,591.024,589.881,592.168,before,2,4
sha256,abr-wide,commit,20,6,1048576,64,16384,4194304,4194304,1048544,448,SHA-256 compression,81919,65536,7,51,512051.471,506046.890,518392.647,before,2,4
sha256,abr-wide,verify,20,6,1048576,64,16384,4194304,256,1048544,448,SHA-256 compression,18,4,7,46153,561.139,559.559,562.068,before,2,4
sha256,standard,commit,20,14,1048576,16384,64,4194304,4194304,4064,192,SHA-256 compression,65663,0,7,51,483706.706,478974.682,492797.059,before,2,4
sha256,standard,verify,20,14,1048576,16384,64,4194304,65536,4064,192,SHA-256 compression,1031,0,7,981,26173.633,26148.097,26193.884,before,2,4
sha256,t5,commit,20,14,1048576,16384,64,4194304,4194304,4064,192,SHA-256 compression,98367,98304,7,35,736289.286,734639.034,742611.886,before,2,4
sha256,t5,verify,20,14,1048576,16384,64,4194304,65536,4064,192,SHA-256 compression,1542,1536,7,632,37430.511,36814.068,37780.077,before,2,4
sha256,t8,commit,20,14,1048576,16384,64,4194304,4194304,4064,192,SHA-256 compression,112575,56256,7,39,695598.308,689171.805,700401.508,before,2,4
sha256,t8,verify,20,14,1048576,16384,64,4194304,65536,4064,192,SHA-256 compression,1764,879,7,685,37773.114,37669.623,37798.394,before,2,4
sha256,abr-wide,commit,20,14,1048576,16384,64,4194304,4194304,4064,192,SHA-256 compression,54719,54656,7,85,290261.765,289394.212,293447.447,before,2,4
sha256,abr-wide,verify,20,14,1048576,16384,64,4194304,65536,4064,192,SHA-256 compression,860,854,7,1644,15565.465,15517.158,15584.256,before,2,4
sha3_256,standard,commit,20,6,1048576,64,16384,4194304,4194304,1048544,448,Keccak-f[1600] permutation,49151,0,7,23,1094054.348,1082786.583,1139400.722,before,2,4
sha3_256,standard,verify,20,6,1048576,64,16384,4194304,256,1048544,448,Keccak-f[1600] permutation,16,0,7,11506,2177.473,2174.067,2193.343,before,2,4
sha3_256,t5,commit,20,6,1048576,64,16384,4194304,4194304,1048544,448,Keccak-f[1600] permutation,114687,98304,7,11,2324125.000,2303716.673,2366493.927,before,2,4
sha3_256,t5,verify,20,6,1048576,64,16384,4194304,256,1048544,448,Keccak-f[1600] permutation,20,6,7,10377,2489.805,2482.762,2502.032,before,2,4
sha3_256,t8,commit,20,6,1048576,64,16384,4194304,4194304,1048544,448,Keccak-f[1600] permutation,65535,49152,7,17,1408250.000,1399301.012,1436010.294,before,2,4
sha3_256,t8,verify,20,6,1048576,64,16384,4194304,256,1048544,448,Keccak-f[1600] permutation,17,3,7,11648,2210.837,2206.493,2215.681,before,2,4
sha3_256,standard,commit,20,14,1048576,16384,64,4194304,4194304,4064,192,Keccak-f[1600] permutation,30911,0,7,36,595322.917,589933.344,659685.417,before,2,4
sha3_256,standard,verify,20,14,1048576,16384,64,4194304,65536,4064,192,Keccak-f[1600] permutation,488,0,7,379,67990.987,67833.665,68084.808,before,2,4
sha3_256,t5,commit,20,14,1048576,16384,64,4194304,4194304,4064,192,Keccak-f[1600] permutation,98367,98304,7,14,1835345.286,1824644.057,1917101.814,before,2,4
sha3_256,t5,verify,20,14,1048576,16384,64,4194304,65536,4064,192,Keccak-f[1600] permutation,1542,1536,7,240,107584.375,107419.029,108006.075,before,2,4
sha3_256,t8,commit,20,14,1048576,16384,64,4194304,4194304,4064,192,Keccak-f[1600] permutation,56319,56256,7,23,1086128.609,1077313.765,1104220.652,before,2,4
sha3_256,t8,verify,20,14,1048576,16384,64,4194304,65536,4064,192,Keccak-f[1600] permutation,885,879,7,396,65101.326,64957.007,65175.147,before,2,4
blake3,standard,commit,20,6,1048576,64,16384,4194304,4194304,1048544,448,BLAKE3 compression,81919,0,7,37,716190.297,700375.892,852971.178,before,2,4
blake3,standard,verify,20,6,1048576,64,16384,4194304,256,1048544,448,BLAKE3 compression,18,0,7,23528,1092.595,1090.733,1096.236,before,2,4
blake3,t5,commit,20,6,1048576,64,16384,4194304,4194304,1048544,448,BLAKE3 compression,114687,98304,7,24,1081529.500,1069180.900,1201267.700,before,2,4
blake3,t5,verify,20,6,1048576,64,16384,4194304,256,1048544,448,BLAKE3 compression,20,6,7,22603,1149.414,1145.469,1152.503,before,2,4
blake3,t8,commit,20,6,1048576,64,16384,4194304,4194304,1048544,448,BLAKE3 compression,65535,49152,7,42,652993.048,629652.176,675041.862,before,2,4
blake3,t8,verify,20,6,1048576,64,16384,4194304,256,1048544,448,BLAKE3 compression,17,3,7,25034,1045.526,1038.450,1049.107,before,2,4
blake3,abr-wide,commit,20,6,1048576,64,16384,4194304,4194304,1048544,448,BLAKE3 compression,81919,65536,7,33,832203.303,824662.127,842168.939,before,2,4
blake3,abr-wide,verify,20,6,1048576,64,16384,4194304,256,1048544,448,BLAKE3 compression,18,4,7,22814,1143.934,1133.992,1146.918,before,2,4
blake3,standard,commit,20,14,1048576,16384,64,4194304,4194304,4064,192,BLAKE3 compression,69631,0,7,45,559815.733,555416.480,566965.356,before,2,4
blake3,standard,verify,20,14,1048576,16384,64,4194304,65536,4064,192,BLAKE3 compression,1093,0,7,838,31160.004,30903.093,31344.283,before,2,4
blake3,t5,commit,20,14,1048576,16384,64,4194304,4194304,4064,192,BLAKE3 compression,98367,98304,7,25,883755.000,876439.008,892328.672,before,2,4
blake3,t5,verify,20,14,1048576,16384,64,4194304,65536,4064,192,BLAKE3 compression,1542,1536,7,398,64075.166,63506.699,64315.179,before,2,4
blake3,t8,commit,20,14,1048576,16384,64,4194304,4194304,4064,192,BLAKE3 compression,56319,56256,7,60,445639.583,442988.470,448493.600,before,2,4
blake3,t8,verify,20,14,1048576,16384,64,4194304,65536,4064,192,BLAKE3 compression,885,879,7,688,37129.542,37108.297,37204.155,before,2,4
blake3,abr-wide,commit,20,14,1048576,16384,64,4194304,4194304,4064,192,BLAKE3 compression,49599,49536,7,56,407870.536,402587.800,413573.664,before,2,4
blake3,abr-wide,verify,20,14,1048576,16384,64,4194304,65536,4064,192,BLAKE3 compression,780,774,7,911,28129.254,28050.439,28280.424,before,2,4
