hash,primitive,scheme,elements_per_leaf,leaf_bytes,native_leaf_calls,standard_leaf_calls,relative_calls,calls_saved,saving_percent,standard_fallback
sha256,SHA-256 compression,standard,1,4,1,1,1.000000000000,0,0.000000000000,false
sha256,SHA-256 compression,t5,1,4,3,1,3.000000000000,-2,-200.000000000000,false
sha256,SHA-256 compression,t8,1,4,6,1,6.000000000000,-5,-500.000000000000,false
sha256,SHA-256 compression,abr3,1,4,7,1,7.000000000000,-6,-600.000000000000,false
sha256,SHA-256 compression,t253,1,4,1,1,1.000000000000,0,0.000000000000,true
sha256,SHA-256 compression,standard,2,8,1,1,1.000000000000,0,0.000000000000,false
sha256,SHA-256 compression,t5,2,8,3,1,3.000000000000,-2,-200.000000000000,false
sha256,SHA-256 compression,t8,2,8,6,1,6.000000000000,-5,-500.000000000000,false
sha256,SHA-256 compression,abr3,2,8,7,1,7.000000000000,-6,-600.000000000000,false
sha256,SHA-256 compression,t253,2,8,1,1,1.000000000000,0,0.000000000000,true
sha256,SHA-256 compression,standard,4,16,1,1,1.000000000000,0,0.000000000000,false
sha256,SHA-256 compression,t5,4,16,3,1,3.000000000000,-2,-200.000000000000,false
sha256,SHA-256 compression,t8,4,16,6,1,6.000000000000,-5,-500.000000000000,false
sha256,SHA-256 compression,abr3,4,16,7,1,7.000000000000,-6,-600.000000000000,false
sha256,SHA-256 compression,t253,4,16,1,1,1.000000000000,0,0.000000000000,true
sha256,SHA-256 compression,standard,8,32,1,1,1.000000000000,0,0.000000000000,false
sha256,SHA-256 compression,t5,8,32,3,1,3.000000000000,-2,-200.000000000000,false
sha256,SHA-256 compression,t8,8,32,6,1,6.000000000000,-5,-500.000000000000,false
sha256,SHA-256 compression,abr3,8,32,7,1,7.000000000000,-6,-600.000000000000,false
sha256,SHA-256 compression,t253,8,32,1,1,1.000000000000,0,0.000000000000,true
sha256,SHA-256 compression,standard,16,64,2,2,1.000000000000,0,0.000000000000,false
sha256,SHA-256 compression,t5,16,64,3,2,1.500000000000,-1,-50.000000000000,false
sha256,SHA-256 compression,t8,16,64,6,2,3.000000000000,-4,-200.000000000000,false
sha256,SHA-256 compression,abr3,16,64,7,2,3.500000000000,-5,-250.000000000000,false
sha256,SHA-256 compression,t253,16,64,2,2,1.000000000000,0,0.000000000000,true
sha256,SHA-256 compression,standard,32,128,3,3,1.000000000000,0,0.000000000000,false
sha256,SHA-256 compression,t5,32,128,3,3,1.000000000000,0,0.000000000000,false
sha256,SHA-256 compression,t8,32,128,6,3,2.000000000000,-3,-100.000000000000,false
sha256,SHA-256 compression,abr3,32,128,7,3,2.333333333333,-4,-133.333333333333,false
sha256,SHA-256 compression,t253,32,128,3,3,1.000000000000,0,0.000000000000,true
sha256,SHA-256 compression,standard,64,256,5,5,1.000000000000,0,0.000000000000,false
sha256,SHA-256 compression,t5,64,256,6,5,1.200000000000,-1,-20.000000000000,false
sha256,SHA-256 compression,t8,64,256,6,5,1.200000000000,-1,-20.000000000000,false
sha256,SHA-256 compression,abr3,64,256,7,5,1.400000000000,-2,-40.000000000000,false
sha256,SHA-256 compression,t253,64,256,4,5,0.800000000000,1,20.000000000000,false
sha256,SHA-256 compression,standard,128,512,9,9,1.000000000000,0,0.000000000000,false
sha256,SHA-256 compression,t5,128,512,12,9,1.333333333333,-3,-33.333333333333,false
sha256,SHA-256 compression,t8,128,512,18,9,2.000000000000,-9,-100.000000000000,false
sha256,SHA-256 compression,abr3,128,512,14,9,1.555555555556,-5,-55.555555555556,false
sha256,SHA-256 compression,t253,128,512,7,9,0.777777777778,2,22.222222222222,false
sha256,SHA-256 compression,standard,256,1024,17,17,1.000000000000,0,0.000000000000,false
sha256,SHA-256 compression,t5,256,1024,24,17,1.411764705882,-7,-41.176470588235,false
sha256,SHA-256 compression,t8,256,1024,30,17,1.764705882353,-13,-76.470588235294,false
sha256,SHA-256 compression,abr3,256,1024,28,17,1.647058823529,-11,-64.705882352941,false
sha256,SHA-256 compression,t253,256,1024,14,17,0.823529411765,3,17.647058823529,false
sha256,SHA-256 compression,standard,512,2048,33,33,1.000000000000,0,0.000000000000,false
sha256,SHA-256 compression,t5,512,2048,48,33,1.454545454545,-15,-45.454545454545,false
sha256,SHA-256 compression,t8,512,2048,54,33,1.636363636364,-21,-63.636363636364,false
sha256,SHA-256 compression,abr3,512,2048,49,33,1.484848484848,-16,-48.484848484848,false
sha256,SHA-256 compression,t253,512,2048,28,33,0.848484848485,5,15.151515151515,false
sha256,SHA-256 compression,standard,1024,4096,65,65,1.000000000000,0,0.000000000000,false
sha256,SHA-256 compression,t5,1024,4096,96,65,1.476923076923,-31,-47.692307692308,false
sha256,SHA-256 compression,t8,1024,4096,114,65,1.753846153846,-49,-75.384615384615,false
sha256,SHA-256 compression,abr3,1024,4096,91,65,1.400000000000,-26,-40.000000000000,false
sha256,SHA-256 compression,t253,1024,4096,56,65,0.861538461538,9,13.846153846154,false
sha256,SHA-256 compression,standard,2048,8192,129,129,1.000000000000,0,0.000000000000,false
sha256,SHA-256 compression,t5,2048,8192,192,129,1.488372093023,-63,-48.837209302326,false
sha256,SHA-256 compression,t8,2048,8192,222,129,1.720930232558,-93,-72.093023255814,false
sha256,SHA-256 compression,abr3,2048,8192,182,129,1.410852713178,-53,-41.085271317829,false
sha256,SHA-256 compression,t253,2048,8192,112,129,0.868217054264,17,13.178294573643,false
sha256,SHA-256 compression,standard,4096,16384,257,257,1.000000000000,0,0.000000000000,false
sha256,SHA-256 compression,t5,4096,16384,384,257,1.494163424125,-127,-49.416342412451,false
sha256,SHA-256 compression,t8,4096,16384,438,257,1.704280155642,-181,-70.428015564202,false
sha256,SHA-256 compression,abr3,4096,16384,364,257,1.416342412451,-107,-41.634241245136,false
sha256,SHA-256 compression,t253,4096,16384,223,257,0.867704280156,34,13.229571984436,false
sha256,SHA-256 compression,standard,8192,32768,513,513,1.000000000000,0,0.000000000000,false
sha256,SHA-256 compression,t5,8192,32768,768,513,1.497076023392,-255,-49.707602339181,false
sha256,SHA-256 compression,t8,8192,32768,882,513,1.719298245614,-369,-71.929824561404,false
sha256,SHA-256 compression,abr3,8192,32768,721,513,1.405458089669,-208,-40.545808966862,false
sha256,SHA-256 compression,t253,8192,32768,445,513,0.867446393762,68,13.255360623782,false
sha256,SHA-256 compression,standard,16384,65536,1025,1025,1.000000000000,0,0.000000000000,false
sha256,SHA-256 compression,t5,16384,65536,1536,1025,1.498536585366,-511,-49.853658536585,false
sha256,SHA-256 compression,t8,16384,65536,1758,1025,1.715121951220,-733,-71.512195121951,false
sha256,SHA-256 compression,abr3,16384,65536,1435,1025,1.400000000000,-410,-40.000000000000,false
sha256,SHA-256 compression,t253,16384,65536,890,1025,0.868292682927,135,13.170731707317,false
sha3_256,Keccak-f[1600] permutation,standard,1,4,1,1,1.000000000000,0,0.000000000000,false
sha3_256,Keccak-f[1600] permutation,t5,1,4,3,1,3.000000000000,-2,-200.000000000000,false
sha3_256,Keccak-f[1600] permutation,t8,1,4,3,1,3.000000000000,-2,-200.000000000000,false
sha3_256,Keccak-f[1600] permutation,abr3,1,4,7,1,7.000000000000,-6,-600.000000000000,false
sha3_256,Keccak-f[1600] permutation,standard,2,8,1,1,1.000000000000,0,0.000000000000,false
sha3_256,Keccak-f[1600] permutation,t5,2,8,3,1,3.000000000000,-2,-200.000000000000,false
sha3_256,Keccak-f[1600] permutation,t8,2,8,3,1,3.000000000000,-2,-200.000000000000,false
sha3_256,Keccak-f[1600] permutation,abr3,2,8,7,1,7.000000000000,-6,-600.000000000000,false
sha3_256,Keccak-f[1600] permutation,standard,4,16,1,1,1.000000000000,0,0.000000000000,false
sha3_256,Keccak-f[1600] permutation,t5,4,16,3,1,3.000000000000,-2,-200.000000000000,false
sha3_256,Keccak-f[1600] permutation,t8,4,16,3,1,3.000000000000,-2,-200.000000000000,false
sha3_256,Keccak-f[1600] permutation,abr3,4,16,7,1,7.000000000000,-6,-600.000000000000,false
sha3_256,Keccak-f[1600] permutation,standard,8,32,1,1,1.000000000000,0,0.000000000000,false
sha3_256,Keccak-f[1600] permutation,t5,8,32,3,1,3.000000000000,-2,-200.000000000000,false
sha3_256,Keccak-f[1600] permutation,t8,8,32,3,1,3.000000000000,-2,-200.000000000000,false
sha3_256,Keccak-f[1600] permutation,abr3,8,32,7,1,7.000000000000,-6,-600.000000000000,false
sha3_256,Keccak-f[1600] permutation,standard,16,64,1,1,1.000000000000,0,0.000000000000,false
sha3_256,Keccak-f[1600] permutation,t5,16,64,3,1,3.000000000000,-2,-200.000000000000,false
sha3_256,Keccak-f[1600] permutation,t8,16,64,3,1,3.000000000000,-2,-200.000000000000,false
sha3_256,Keccak-f[1600] permutation,abr3,16,64,7,1,7.000000000000,-6,-600.000000000000,false
sha3_256,Keccak-f[1600] permutation,standard,32,128,1,1,1.000000000000,0,0.000000000000,false
sha3_256,Keccak-f[1600] permutation,t5,32,128,3,1,3.000000000000,-2,-200.000000000000,false
sha3_256,Keccak-f[1600] permutation,t8,32,128,3,1,3.000000000000,-2,-200.000000000000,false
sha3_256,Keccak-f[1600] permutation,abr3,32,128,7,1,7.000000000000,-6,-600.000000000000,false
sha3_256,Keccak-f[1600] permutation,standard,64,256,2,2,1.000000000000,0,0.000000000000,false
sha3_256,Keccak-f[1600] permutation,t5,64,256,6,2,3.000000000000,-4,-200.000000000000,false
sha3_256,Keccak-f[1600] permutation,t8,64,256,3,2,1.500000000000,-1,-50.000000000000,false
sha3_256,Keccak-f[1600] permutation,abr3,64,256,7,2,3.500000000000,-5,-250.000000000000,false
sha3_256,Keccak-f[1600] permutation,standard,128,512,4,4,1.000000000000,0,0.000000000000,false
sha3_256,Keccak-f[1600] permutation,t5,128,512,12,4,3.000000000000,-8,-200.000000000000,false
sha3_256,Keccak-f[1600] permutation,t8,128,512,9,4,2.250000000000,-5,-125.000000000000,false
sha3_256,Keccak-f[1600] permutation,abr3,128,512,14,4,3.500000000000,-10,-250.000000000000,false
sha3_256,Keccak-f[1600] permutation,standard,256,1024,8,8,1.000000000000,0,0.000000000000,false
sha3_256,Keccak-f[1600] permutation,t5,256,1024,24,8,3.000000000000,-16,-200.000000000000,false
sha3_256,Keccak-f[1600] permutation,t8,256,1024,15,8,1.875000000000,-7,-87.500000000000,false
sha3_256,Keccak-f[1600] permutation,abr3,256,1024,28,8,3.500000000000,-20,-250.000000000000,false
sha3_256,Keccak-f[1600] permutation,standard,512,2048,16,16,1.000000000000,0,0.000000000000,false
sha3_256,Keccak-f[1600] permutation,t5,512,2048,48,16,3.000000000000,-32,-200.000000000000,false
sha3_256,Keccak-f[1600] permutation,t8,512,2048,27,16,1.687500000000,-11,-68.750000000000,false
sha3_256,Keccak-f[1600] permutation,abr3,512,2048,49,16,3.062500000000,-33,-206.250000000000,false
sha3_256,Keccak-f[1600] permutation,standard,1024,4096,31,31,1.000000000000,0,0.000000000000,false
sha3_256,Keccak-f[1600] permutation,t5,1024,4096,96,31,3.096774193548,-65,-209.677419354839,false
sha3_256,Keccak-f[1600] permutation,t8,1024,4096,57,31,1.838709677419,-26,-83.870967741935,false
sha3_256,Keccak-f[1600] permutation,abr3,1024,4096,91,31,2.935483870968,-60,-193.548387096774,false
sha3_256,Keccak-f[1600] permutation,standard,2048,8192,61,61,1.000000000000,0,0.000000000000,false
sha3_256,Keccak-f[1600] permutation,t5,2048,8192,192,61,3.147540983607,-131,-214.754098360656,false
sha3_256,Keccak-f[1600] permutation,t8,2048,8192,111,61,1.819672131148,-50,-81.967213114754,false
sha3_256,Keccak-f[1600] permutation,abr3,2048,8192,182,61,2.983606557377,-121,-198.360655737705,false
sha3_256,Keccak-f[1600] permutation,standard,4096,16384,121,121,1.000000000000,0,0.000000000000,false
sha3_256,Keccak-f[1600] permutation,t5,4096,16384,384,121,3.173553719008,-263,-217.355371900826,false
sha3_256,Keccak-f[1600] permutation,t8,4096,16384,219,121,1.809917355372,-98,-80.991735537190,false
sha3_256,Keccak-f[1600] permutation,abr3,4096,16384,364,121,3.008264462810,-243,-200.826446280992,false
sha3_256,Keccak-f[1600] permutation,standard,8192,32768,241,241,1.000000000000,0,0.000000000000,false
sha3_256,Keccak-f[1600] permutation,t5,8192,32768,768,241,3.186721991701,-527,-218.672199170124,false
sha3_256,Keccak-f[1600] permutation,t8,8192,32768,441,241,1.829875518672,-200,-82.987551867220,false
sha3_256,Keccak-f[1600] permutation,abr3,8192,32768,721,241,2.991701244813,-480,-199.170124481328,false
sha3_256,Keccak-f[1600] permutation,standard,16384,65536,482,482,1.000000000000,0,0.000000000000,false
sha3_256,Keccak-f[1600] permutation,t5,16384,65536,1536,482,3.186721991701,-1054,-218.672199170124,false
sha3_256,Keccak-f[1600] permutation,t8,16384,65536,879,482,1.823651452282,-397,-82.365145228216,false
sha3_256,Keccak-f[1600] permutation,abr3,16384,65536,1435,482,2.977178423237,-953,-197.717842323651,false
blake3,BLAKE3 compression,standard,1,4,1,1,1.000000000000,0,0.000000000000,false
blake3,BLAKE3 compression,t5,1,4,3,1,3.000000000000,-2,-200.000000000000,false
blake3,BLAKE3 compression,t8,1,4,3,1,3.000000000000,-2,-200.000000000000,false
blake3,BLAKE3 compression,abr3,1,4,7,1,7.000000000000,-6,-600.000000000000,false
blake3,BLAKE3 compression,standard,2,8,1,1,1.000000000000,0,0.000000000000,false
blake3,BLAKE3 compression,t5,2,8,3,1,3.000000000000,-2,-200.000000000000,false
blake3,BLAKE3 compression,t8,2,8,3,1,3.000000000000,-2,-200.000000000000,false
blake3,BLAKE3 compression,abr3,2,8,7,1,7.000000000000,-6,-600.000000000000,false
blake3,BLAKE3 compression,standard,4,16,1,1,1.000000000000,0,0.000000000000,false
blake3,BLAKE3 compression,t5,4,16,3,1,3.000000000000,-2,-200.000000000000,false
blake3,BLAKE3 compression,t8,4,16,3,1,3.000000000000,-2,-200.000000000000,false
blake3,BLAKE3 compression,abr3,4,16,7,1,7.000000000000,-6,-600.000000000000,false
blake3,BLAKE3 compression,standard,8,32,1,1,1.000000000000,0,0.000000000000,false
blake3,BLAKE3 compression,t5,8,32,3,1,3.000000000000,-2,-200.000000000000,false
blake3,BLAKE3 compression,t8,8,32,3,1,3.000000000000,-2,-200.000000000000,false
blake3,BLAKE3 compression,abr3,8,32,7,1,7.000000000000,-6,-600.000000000000,false
blake3,BLAKE3 compression,standard,16,64,1,1,1.000000000000,0,0.000000000000,false
blake3,BLAKE3 compression,t5,16,64,3,1,3.000000000000,-2,-200.000000000000,false
blake3,BLAKE3 compression,t8,16,64,3,1,3.000000000000,-2,-200.000000000000,false
blake3,BLAKE3 compression,abr3,16,64,7,1,7.000000000000,-6,-600.000000000000,false
blake3,BLAKE3 compression,standard,32,128,2,2,1.000000000000,0,0.000000000000,false
blake3,BLAKE3 compression,t5,32,128,3,2,1.500000000000,-1,-50.000000000000,false
blake3,BLAKE3 compression,t8,32,128,3,2,1.500000000000,-1,-50.000000000000,false
blake3,BLAKE3 compression,abr3,32,128,7,2,3.500000000000,-5,-250.000000000000,false
blake3,BLAKE3 compression,standard,64,256,4,4,1.000000000000,0,0.000000000000,false
blake3,BLAKE3 compression,t5,64,256,6,4,1.500000000000,-2,-50.000000000000,false
blake3,BLAKE3 compression,t8,64,256,3,4,0.750000000000,1,25.000000000000,false
blake3,BLAKE3 compression,abr3,64,256,7,4,1.750000000000,-3,-75.000000000000,false
blake3,BLAKE3 compression,standard,128,512,8,8,1.000000000000,0,0.000000000000,false
blake3,BLAKE3 compression,t5,128,512,12,8,1.500000000000,-4,-50.000000000000,false
blake3,BLAKE3 compression,t8,128,512,9,8,1.125000000000,-1,-12.500000000000,false
blake3,BLAKE3 compression,abr3,128,512,14,8,1.750000000000,-6,-75.000000000000,false
blake3,BLAKE3 compression,standard,256,1024,16,16,1.000000000000,0,0.000000000000,false
blake3,BLAKE3 compression,t5,256,1024,24,16,1.500000000000,-8,-50.000000000000,false
blake3,BLAKE3 compression,t8,256,1024,15,16,0.937500000000,1,6.250000000000,false
blake3,BLAKE3 compression,abr3,256,1024,28,16,1.750000000000,-12,-75.000000000000,false
blake3,BLAKE3 compression,standard,512,2048,33,33,1.000000000000,0,0.000000000000,false
blake3,BLAKE3 compression,t5,512,2048,48,33,1.454545454545,-15,-45.454545454545,false
blake3,BLAKE3 compression,t8,512,2048,27,33,0.818181818182,6,18.181818181818,false
blake3,BLAKE3 compression,abr3,512,2048,49,33,1.484848484848,-16,-48.484848484848,false
blake3,BLAKE3 compression,standard,1024,4096,67,67,1.000000000000,0,0.000000000000,false
blake3,BLAKE3 compression,t5,1024,4096,96,67,1.432835820896,-29,-43.283582089552,false
blake3,BLAKE3 compression,t8,1024,4096,57,67,0.850746268657,10,14.925373134328,false
blake3,BLAKE3 compression,abr3,1024,4096,91,67,1.358208955224,-24,-35.820895522388,false
blake3,BLAKE3 compression,standard,2048,8192,135,135,1.000000000000,0,0.000000000000,false
blake3,BLAKE3 compression,t5,2048,8192,192,135,1.422222222222,-57,-42.222222222222,false
blake3,BLAKE3 compression,t8,2048,8192,111,135,0.822222222222,24,17.777777777778,false
blake3,BLAKE3 compression,abr3,2048,8192,182,135,1.348148148148,-47,-34.814814814815,false
blake3,BLAKE3 compression,standard,4096,16384,271,271,1.000000000000,0,0.000000000000,false
blake3,BLAKE3 compression,t5,4096,16384,384,271,1.416974169742,-113,-41.697416974170,false
blake3,BLAKE3 compression,t8,4096,16384,219,271,0.808118081181,52,19.188191881919,false
blake3,BLAKE3 compression,abr3,4096,16384,364,271,1.343173431734,-93,-34.317343173432,false
blake3,BLAKE3 compression,standard,8192,32768,543,543,1.000000000000,0,0.000000000000,false
blake3,BLAKE3 compression,t5,8192,32768,768,543,1.414364640884,-225,-41.436464088398,false
blake3,BLAKE3 compression,t8,8192,32768,441,543,0.812154696133,102,18.784530386740,false
blake3,BLAKE3 compression,abr3,8192,32768,721,543,1.327808471455,-178,-32.780847145488,false
blake3,BLAKE3 compression,standard,16384,65536,1087,1087,1.000000000000,0,0.000000000000,false
blake3,BLAKE3 compression,t5,16384,65536,1536,1087,1.413063477461,-449,-41.306347746090,false
blake3,BLAKE3 compression,t8,16384,65536,879,1087,0.808647654094,208,19.135234590616,false
blake3,BLAKE3 compression,abr3,16384,65536,1435,1087,1.320147194112,-348,-32.014719411224,false
