hash,scheme,operation,total_log,width_log,samples,estimator,point_ns,ci95_lower_ns,ci95_upper_ns,benchmark_id
blake3,baseline,commit,20,14,10,slope,975310.436,974385.361,975949.710,experiment_commit/blake3/baseline/n2^20/w2^14
blake3,baseline,commit,20,6,10,slope,1460809.383,1456203.146,1465990.849,experiment_commit/blake3/baseline/n2^20/w2^6
blake3,standard,commit,20,14,10,slope,463108.384,462738.431,463447.237,experiment_commit/blake3/standard/n2^20/w2^14
blake3,standard,commit,20,6,10,slope,604979.074,602900.250,607916.918,experiment_commit/blake3/standard/n2^20/w2^6
blake3,t8,commit,20,14,10,slope,732359.935,731568.101,732959.391,experiment_commit/blake3/t8/n2^20/w2^14
blake3,t8,commit,20,6,10,slope,834453.036,833007.575,836613.168,experiment_commit/blake3/t8/n2^20/w2^6
sha256,baseline,commit,20,14,10,slope,499804.838,495396.754,503214.270,experiment_commit/sha256/baseline/n2^20/w2^14
sha256,baseline,commit,20,6,10,slope,747593.096,743897.365,751061.340,experiment_commit/sha256/baseline/n2^20/w2^6
sha256,standard,commit,20,14,10,slope,424440.117,423739.677,425681.517,experiment_commit/sha256/standard/n2^20/w2^14
sha256,standard,commit,20,6,10,slope,586153.515,585252.426,587285.359,experiment_commit/sha256/standard/n2^20/w2^6
sha256,t253,commit,20,14,10,slope,333504.371,326935.256,343184.907,experiment_commit/sha256/t253/n2^20/w2^14
sha256,t253,commit,20,6,10,slope,542880.803,541734.009,543848.298,experiment_commit/sha256/t253/n2^20/w2^6
sha256,t8,commit,20,14,10,slope,720172.642,718431.175,721744.830,experiment_commit/sha256/t8/n2^20/w2^14
sha256,t8,commit,20,6,10,slope,841820.848,840477.874,843766.302,experiment_commit/sha256/t8/n2^20/w2^6
sha3_256,baseline,commit,20,14,10,slope,1196964.745,1193927.555,1200560.694,experiment_commit/sha3_256/baseline/n2^20/w2^14
sha3_256,baseline,commit,20,6,10,slope,2232811.748,2216110.302,2266682.624,experiment_commit/sha3_256/baseline/n2^20/w2^6
sha3_256,standard,commit,20,14,10,slope,557031.333,555535.331,558306.968,experiment_commit/sha3_256/standard/n2^20/w2^14
sha3_256,standard,commit,20,6,10,slope,996623.064,993735.033,1002475.722,experiment_commit/sha3_256/standard/n2^20/w2^6
sha3_256,t8,commit,20,14,10,slope,1108761.824,1106857.350,1110908.987,experiment_commit/sha3_256/t8/n2^20/w2^14
sha3_256,t8,commit,20,6,10,slope,1377183.040,1374994.081,1379127.160,experiment_commit/sha3_256/t8/n2^20/w2^6
blake3,baseline,verify,20,14,10,slope,26815.220,26669.000,26956.190,experiment_verify/blake3/baseline/n2^20/w2^14
blake3,baseline,verify,20,6,10,slope,1437.962,1434.249,1444.671,experiment_verify/blake3/baseline/n2^20/w2^6
blake3,standard,verify,20,14,10,slope,26815.622,26677.643,26917.599,experiment_verify/blake3/standard/n2^20/w2^14
blake3,standard,verify,20,6,10,slope,1050.459,1006.762,1139.413,experiment_verify/blake3/standard/n2^20/w2^6
blake3,t8,verify,20,14,10,slope,43802.442,43756.073,43841.284,experiment_verify/blake3/t8/n2^20/w2^14
blake3,t8,verify,20,6,10,slope,950.983,948.920,953.704,experiment_verify/blake3/t8/n2^20/w2^6
sha256,baseline,verify,20,14,10,slope,22623.221,22538.151,22684.192,experiment_verify/sha256/baseline/n2^20/w2^14
sha256,baseline,verify,20,6,10,slope,560.816,553.614,566.887,experiment_verify/sha256/baseline/n2^20/w2^6
sha256,standard,verify,20,14,10,slope,22544.799,22488.374,22608.193,experiment_verify/sha256/standard/n2^20/w2^14
sha256,standard,verify,20,6,10,slope,555.106,543.331,560.693,experiment_verify/sha256/standard/n2^20/w2^6
sha256,t253,verify,20,14,10,slope,17211.305,17071.084,17345.890,experiment_verify/sha256/t253/n2^20/w2^14
sha256,t253,verify,20,6,10,slope,500.040,498.854,501.355,experiment_verify/sha256/t253/n2^20/w2^6
sha256,t8,verify,20,14,10,slope,40038.442,39871.690,40182.895,experiment_verify/sha256/t8/n2^20/w2^14
sha256,t8,verify,20,6,10,slope,549.151,547.500,550.557,experiment_verify/sha256/t8/n2^20/w2^6
sha3_256,baseline,verify,20,14,10,slope,73268.627,73013.790,73525.663,experiment_verify/sha3_256/baseline/n2^20/w2^14
sha3_256,baseline,verify,20,6,10,slope,2903.414,2895.948,2912.321,experiment_verify/sha3_256/baseline/n2^20/w2^6
sha3_256,standard,verify,20,14,10,slope,64935.020,64630.851,65403.020,experiment_verify/sha3_256/standard/n2^20/w2^14
sha3_256,standard,verify,20,6,10,slope,2094.252,2086.929,2101.953,experiment_verify/sha3_256/standard/n2^20/w2^6
sha3_256,t8,verify,20,14,10,slope,85643.348,85418.832,85918.854,experiment_verify/sha3_256/t8/n2^20/w2^14
sha3_256,t8,verify,20,6,10,slope,2103.058,2096.387,2111.574,experiment_verify/sha3_256/t8/n2^20/w2^6
