hash,scheme,operation,total_log,width_log,total_elements,elements_per_leaf,leaves,matrix_bytes,operation_input_bytes,digest_bytes,path_bytes,primitive,native_calls,abstract_leaf_calls,samples,iterations_per_sample,median_ns,p10_ns,p90_ns
sha256,standard,commit,20,0,1048576,1,1048576,4194304,4194304,67108832,640,SHA-256 compression,2097151,0,7,1,14113750.000,13865350.000,14765658.000
sha256,standard,verify,20,0,1048576,1,1048576,4194304,4,67108832,640,SHA-256 compression,21,0,7,36532,577.405,576.782,577.944
sha256,t253,commit,20,0,1048576,1,1048576,4194304,4194304,67108832,640,SHA-256 compression,2097151,0,7,1,14241042.000,14071249.800,14560725.000
sha256,t253,verify,20,0,1048576,1,1048576,4194304,4,67108832,640,SHA-256 compression,21,0,7,36717,577.999,576.973,591.674
sha256,abr-wide,commit,20,0,1048576,1,1048576,4194304,4194304,67108832,640,SHA-256 compression,2097151,1048576,7,1,14584709.000,14519450.000,14699634.000
sha256,abr-wide,verify,20,0,1048576,1,1048576,4194304,4,67108832,640,SHA-256 compression,21,1,7,37457,574.487,573.802,587.071
sha256,standard,commit,20,1,1048576,2,524288,4194304,4194304,33554400,608,SHA-256 compression,1048575,0,7,4,5774541.750,5727939.700,5812312.450
sha256,standard,verify,20,1,1048576,2,524288,4194304,8,33554400,608,SHA-256 compression,20,0,7,38646,548.870,547.996,583.362
sha256,t253,commit,20,1,1048576,2,524288,4194304,4194304,33554400,608,SHA-256 compression,1048575,0,7,4,5901822.750,5855385.500,5912272.850
sha256,t253,verify,20,1,1048576,2,524288,4194304,8,33554400,608,SHA-256 compression,20,0,7,39290,548.621,547.456,549.473
sha256,abr-wide,commit,20,1,1048576,2,524288,4194304,4194304,33554400,608,SHA-256 compression,1048575,524288,7,4,6146906.250,6134237.550,6181350.050
sha256,abr-wide,verify,20,1,1048576,2,524288,4194304,8,33554400,608,SHA-256 compression,20,1,7,38289,548.348,547.187,555.356
sha256,standard,commit,20,2,1048576,4,262144,4194304,4194304,16777184,576,SHA-256 compression,524287,0,7,6,2981291.667,2975857.000,3017115.233
sha256,standard,verify,20,2,1048576,4,262144,4194304,16,16777184,576,SHA-256 compression,19,0,7,40668,519.591,519.265,523.473
sha256,t253,commit,20,2,1048576,4,262144,4194304,4194304,16777184,576,SHA-256 compression,524287,0,7,7,3030142.857,3025191.657,3052257.171
sha256,t253,verify,20,2,1048576,4,262144,4194304,16,16777184,576,SHA-256 compression,19,0,7,41428,520.143,519.004,520.391
sha256,abr-wide,commit,20,2,1048576,4,262144,4194304,4194304,16777184,576,SHA-256 compression,524287,262144,7,7,3126428.571,3121919.086,3698326.143
sha256,abr-wide,verify,20,2,1048576,4,262144,4194304,16,16777184,576,SHA-256 compression,19,1,7,41685,517.650,516.393,519.316
sha256,standard,commit,20,3,1048576,8,131072,4194304,4194304,8388576,544,SHA-256 compression,262143,0,7,12,1719909.750,1713447.233,1770851.400
sha256,standard,verify,20,3,1048576,8,131072,4194304,32,8388576,544,SHA-256 compression,18,0,7,43927,490.676,490.058,500.261
sha256,t253,commit,20,3,1048576,8,131072,4194304,4194304,8388576,544,SHA-256 compression,262143,0,7,11,1762962.091,1756576.545,1772054.545
sha256,t253,verify,20,3,1048576,8,131072,4194304,32,8388576,544,SHA-256 compression,18,0,7,43507,490.804,490.171,491.863
sha256,abr-wide,commit,20,3,1048576,8,131072,4194304,4194304,8388576,544,SHA-256 compression,262143,131072,7,11,1893837.091,1882294.691,1906754.527
sha256,abr-wide,verify,20,3,1048576,8,131072,4194304,32,8388576,544,SHA-256 compression,18,1,7,43673,491.993,490.167,492.638
sha256,standard,commit,20,4,1048576,16,65536,4194304,4194304,4194272,512,SHA-256 compression,196607,0,7,17,1150394.647,1146036.765,1172424.494
sha256,standard,verify,20,4,1048576,16,65536,4194304,64,4194272,512,SHA-256 compression,18,0,7,44173,487.971,487.209,491.787
sha256,t253,commit,20,4,1048576,16,65536,4194304,4194304,4194272,512,SHA-256 compression,196607,0,7,18,1160627.333,1159459.267,1192401.856
sha256,t253,verify,20,4,1048576,16,65536,4194304,64,4194272,512,SHA-256 compression,18,0,7,43670,487.690,487.273,488.073
sha256,abr-wide,commit,20,4,1048576,16,65536,4194304,4194304,4194272,512,SHA-256 compression,131071,65536,7,21,1027236.095,1022946.419,1034715.476
sha256,abr-wide,verify,20,4,1048576,16,65536,4194304,64,4194272,512,SHA-256 compression,17,1,7,46517,503.905,473.613,513.765
sha256,standard,commit,20,5,1048576,32,32768,4194304,4194304,2097120,480,SHA-256 compression,131071,0,7,28,776718.750,769376.193,793932.729
sha256,standard,verify,20,5,1048576,32,32768,4194304,128,2097120,480,SHA-256 compression,18,0,7,43283,483.386,480.254,500.704
sha256,t253,commit,20,5,1048576,32,32768,4194304,4194304,2097120,480,SHA-256 compression,131071,0,7,27,801214.519,799163.563,822528.711
sha256,t253,verify,20,5,1048576,32,32768,4194304,128,2097120,480,SHA-256 compression,18,0,7,43760,481.302,479.250,481.909
sha256,abr-wide,commit,20,5,1048576,32,32768,4194304,4194304,2097120,480,SHA-256 compression,98303,65536,7,31,676559.129,667422.039,716302.955
sha256,abr-wide,verify,20,5,1048576,32,32768,4194304,128,2097120,480,SHA-256 compression,17,2,7,46361,465.526,463.759,478.912
sha256,standard,commit,20,6,1048576,64,16384,4194304,4194304,1048544,448,SHA-256 compression,98303,0,7,35,577850.000,576248.091,580584.520
sha256,standard,verify,20,6,1048576,64,16384,4194304,256,1048544,448,SHA-256 compression,19,0,7,43216,497.443,497.148,497.811
sha256,t253,commit,20,6,1048576,64,16384,4194304,4194304,1048544,448,SHA-256 compression,81919,65536,7,46,457173.000,455650.739,459228.804
sha256,t253,verify,20,6,1048576,64,16384,4194304,256,1048544,448,SHA-256 compression,18,4,7,46641,463.416,462.492,465.246
sha256,abr-wide,commit,20,6,1048576,64,16384,4194304,4194304,1048544,448,SHA-256 compression,81919,65536,7,46,460335.152,457830.248,462317.035
sha256,abr-wide,verify,20,6,1048576,64,16384,4194304,256,1048544,448,SHA-256 compression,18,4,7,45760,471.188,470.401,471.383
sha256,standard,commit,20,7,1048576,128,8192,4194304,4194304,524256,416,SHA-256 compression,81919,0,7,41,519376.024,518589.220,523048.790
sha256,standard,verify,20,7,1048576,128,8192,4194304,512,524256,416,SHA-256 compression,22,0,7,38139,555.113,554.675,555.825
sha256,t253,commit,20,7,1048576,128,8192,4194304,4194304,524256,416,SHA-256 compression,65535,57344,7,58,378012.207,375538.797,379443.255
sha256,t253,verify,20,7,1048576,128,8192,4194304,512,524256,416,SHA-256 compression,20,7,7,43849,489.444,488.526,491.544
sha256,abr-wide,commit,20,7,1048576,128,8192,4194304,4194304,524256,416,SHA-256 compression,65535,57344,7,57,378720.018,376052.488,449511.404
sha256,abr-wide,verify,20,7,1048576,128,8192,4194304,512,524256,416,SHA-256 compression,20,7,7,43006,505.381,499.607,514.479
sha256,standard,commit,20,8,1048576,256,4096,4194304,4194304,262112,384,SHA-256 compression,73727,0,7,43,487679.279,483791.279,540327.716
sha256,standard,verify,20,8,1048576,256,4096,4194304,1024,262112,384,SHA-256 compression,29,0,7,26657,705.879,701.642,738.783
sha256,t253,commit,20,8,1048576,256,4096,4194304,4194304,262112,384,SHA-256 compression,61439,57344,7,61,348318.984,344975.820,351841.941
sha256,t253,verify,20,8,1048576,256,4096,4194304,1024,262112,384,SHA-256 compression,26,14,7,35584,591.989,590.802,598.474
sha256,abr-wide,commit,20,8,1048576,256,4096,4194304,4194304,262112,384,SHA-256 compression,61439,57344,7,67,321644.896,319631.970,327261.451
sha256,abr-wide,verify,20,8,1048576,256,4096,4194304,1024,262112,384,SHA-256 compression,26,14,7,36079,582.491,579.934,596.054
sha256,standard,commit,20,9,1048576,512,2048,4194304,4194304,131040,352,SHA-256 compression,69631,0,7,46,458944.739,458679.517,462164.857
sha256,standard,verify,20,9,1048576,512,2048,4194304,2048,131040,352,SHA-256 compression,44,0,7,21147,1019.337,1018.095,1035.194
sha256,t253,commit,20,9,1048576,512,2048,4194304,4194304,131040,352,SHA-256 compression,59391,57344,7,67,313910.448,313275.251,315785.943
sha256,t253,verify,20,9,1048576,512,2048,4194304,2048,131040,352,SHA-256 compression,39,28,7,27958,758.101,757.583,759.045
sha256,abr-wide,commit,20,9,1048576,512,2048,4194304,4194304,131040,352,SHA-256 compression,59391,57344,7,71,300166.085,300007.746,301728.870
sha256,abr-wide,verify,20,9,1048576,512,2048,4194304,2048,131040,352,SHA-256 compression,39,28,7,27047,799.499,798.772,800.305
sha256,standard,commit,20,10,1048576,1024,1024,4194304,4194304,65504,320,SHA-256 compression,67583,0,7,48,444883.667,443842.529,446468.921
sha256,standard,verify,20,10,1048576,1024,1024,4194304,4096,65504,320,SHA-256 compression,75,0,7,12781,1682.484,1681.400,1686.110
sha256,t253,commit,20,10,1048576,1024,1024,4194304,4194304,65504,320,SHA-256 compression,58367,57344,7,72,301122.111,299732.525,301307.758
sha256,t253,verify,20,10,1048576,1024,1024,4194304,4096,65504,320,SHA-256 compression,66,56,7,18344,1171.280,1169.438,1173.632
sha256,abr-wide,commit,20,10,1048576,1024,1024,4194304,4194304,65504,320,SHA-256 compression,56319,55296,7,68,274816.176,273415.321,275980.885
sha256,abr-wide,verify,20,10,1048576,1024,1024,4194304,4096,65504,320,SHA-256 compression,64,54,7,18762,1151.297,1147.780,1155.202
sha256,standard,commit,20,11,1048576,2048,512,4194304,4194304,32736,288,SHA-256 compression,66559,0,7,49,430278.918,429022.616,432156.118
sha256,standard,verify,20,11,1048576,2048,512,4194304,8192,32736,288,SHA-256 compression,138,0,7,7075,3042.132,3039.860,3044.763
sha256,t253,commit,20,11,1048576,2048,512,4194304,4194304,32736,288,SHA-256 compression,57855,57344,7,74,287536.608,286034.681,290005.178
sha256,t253,verify,20,11,1048576,2048,512,4194304,8192,32736,288,SHA-256 compression,121,112,7,10725,2022.327,2018.117,2079.875
sha256,abr-wide,commit,20,11,1048576,2048,512,4194304,4194304,32736,288,SHA-256 compression,55295,54784,7,83,256710.843,254995.981,259340.863
sha256,abr-wide,verify,20,11,1048576,2048,512,4194304,8192,32736,288,SHA-256 compression,116,107,7,10923,1893.653,1890.385,1898.664
sha256,standard,commit,20,12,1048576,4096,256,4194304,4194304,16352,256,SHA-256 compression,66047,0,7,51,422263.059,420794.765,466732.843
sha256,standard,verify,20,12,1048576,4096,256,4194304,16384,16352,256,SHA-256 compression,265,0,7,3722,5787.435,5780.517,5792.388
sha256,t253,commit,20,12,1048576,4096,256,4194304,4194304,16352,256,SHA-256 compression,57343,57088,7,76,274866.776,274311.411,275958.663
sha256,t253,verify,20,12,1048576,4096,256,4194304,16384,16352,256,SHA-256 compression,231,223,7,5738,3703.802,3697.043,3706.813
sha256,abr-wide,commit,20,12,1048576,4096,256,4194304,4194304,16352,256,SHA-256 compression,55039,54784,7,84,245363.595,245078.974,246089.783
sha256,abr-wide,verify,20,12,1048576,4096,256,4194304,16384,16352,256,SHA-256 compression,222,214,7,6206,3476.756,3471.828,3481.518
sha256,standard,commit,20,13,1048576,8192,128,4194304,4194304,8160,224,SHA-256 compression,65791,0,7,51,419695.255,418768.459,420202.776
sha256,standard,verify,20,13,1048576,8192,128,4194304,32768,8160,224,SHA-256 compression,520,0,7,1906,11296.542,11285.637,11336.407
sha256,t253,commit,20,13,1048576,8192,128,4194304,4194304,8160,224,SHA-256 compression,57087,56960,7,81,269926.444,268725.723,270651.025
sha256,t253,verify,20,13,1048576,8192,128,4194304,32768,8160,224,SHA-256 compression,452,445,7,3044,7078.748,7073.004,7111.008
sha256,abr-wide,commit,20,13,1048576,8192,128,4194304,4194304,8160,224,SHA-256 compression,54783,54656,7,88,243924.250,243366.389,244536.645
sha256,abr-wide,verify,20,13,1048576,8192,128,4194304,32768,8160,224,SHA-256 compression,434,427,7,3270,6589.437,6580.979,6598.096
sha256,standard,commit,20,14,1048576,16384,64,4194304,4194304,4064,192,SHA-256 compression,65663,0,7,51,417960.784,417637.255,418857.522
sha256,standard,verify,20,14,1048576,16384,64,4194304,65536,4064,192,SHA-256 compression,1031,0,7,952,22349.222,22335.618,22422.436
sha256,t253,commit,20,14,1048576,16384,64,4194304,4194304,4064,192,SHA-256 compression,57023,56960,7,79,268520.038,268256.228,268703.800
sha256,t253,verify,20,14,1048576,16384,64,4194304,65536,4064,192,SHA-256 compression,896,890,7,1550,13934.382,13922.194,14042.597
sha256,abr-wide,commit,20,14,1048576,16384,64,4194304,4194304,4064,192,SHA-256 compression,54719,54656,7,88,241581.920,241271.684,242867.618
sha256,abr-wide,verify,20,14,1048576,16384,64,4194304,65536,4064,192,SHA-256 compression,860,854,7,1666,12920.944,12910.104,12930.497
sha3_256,standard,commit,20,0,1048576,1,1048576,4194304,4194304,67108832,640,Keccak-f[1600] permutation,2097151,0,7,1,38352542.000,38209492.000,38687675.200
sha3_256,standard,verify,20,0,1048576,1,1048576,4194304,4,67108832,640,Keccak-f[1600] permutation,21,0,7,8219,2625.902,2589.758,2632.348
sha3_256,shake128,commit,20,0,1048576,1,1048576,4194304,4194304,67108832,640,Keccak-f[1600] permutation,2097151,0,7,1,38417709.000,38291409.000,38823083.200
sha3_256,shake128,verify,20,0,1048576,1,1048576,4194304,4,67108832,640,Keccak-f[1600] permutation,21,0,7,8159,2632.640,2593.920,2641.847
sha3_256,sponge-dm272,commit,20,0,1048576,1,1048576,4194304,4194304,67108832,640,Keccak-f[1600] permutation,2097151,0,7,1,40466416.000,40062883.000,42158700.400
sha3_256,sponge-dm272,verify,20,0,1048576,1,1048576,4194304,4,67108832,640,Keccak-f[1600] permutation,21,0,7,8320,2665.475,2653.011,2669.916
sha3_256,standard,commit,20,1,1048576,2,524288,4194304,4194304,33554400,608,Keccak-f[1600] permutation,1048575,0,7,1,18086417.000,18047700.000,18145533.800
sha3_256,standard,verify,20,1,1048576,2,524288,4194304,8,33554400,608,Keccak-f[1600] permutation,20,0,7,8481,2529.753,2514.789,2553.425
sha3_256,shake128,commit,20,1,1048576,2,524288,4194304,4194304,33554400,608,Keccak-f[1600] permutation,1048575,0,7,1,18062167.000,18047433.400,18094891.400
sha3_256,shake128,verify,20,1,1048576,2,524288,4194304,8,33554400,608,Keccak-f[1600] permutation,20,0,7,8277,2562.004,2514.722,2580.948
sha3_256,sponge-dm272,commit,20,1,1048576,2,524288,4194304,4194304,33554400,608,Keccak-f[1600] permutation,1048575,0,7,1,18902917.000,18862566.200,18914533.600
sha3_256,sponge-dm272,verify,20,1,1048576,2,524288,4194304,8,33554400,608,Keccak-f[1600] permutation,20,0,7,8469,2532.688,2489.816,2576.624
sha3_256,standard,commit,20,2,1048576,4,262144,4194304,4194304,16777184,576,Keccak-f[1600] permutation,524287,0,7,2,9160520.500,9154116.500,9179791.600
sha3_256,standard,verify,20,2,1048576,4,262144,4194304,16,16777184,576,Keccak-f[1600] permutation,19,0,7,8919,2394.714,2382.372,2413.667
sha3_256,shake128,commit,20,2,1048576,4,262144,4194304,4194304,16777184,576,Keccak-f[1600] permutation,524287,0,7,2,9144208.000,9130508.300,9146316.500
sha3_256,shake128,verify,20,2,1048576,4,262144,4194304,16,16777184,576,Keccak-f[1600] permutation,19,0,7,9509,2406.369,2369.176,2428.810
sha3_256,sponge-dm272,commit,20,2,1048576,4,262144,4194304,4194304,16777184,576,Keccak-f[1600] permutation,524287,0,7,2,9513354.000,9503512.600,9553787.300
sha3_256,sponge-dm272,verify,20,2,1048576,4,262144,4194304,16,16777184,576,Keccak-f[1600] permutation,19,0,7,8927,2383.434,2356.810,2400.301
sha3_256,standard,commit,20,3,1048576,8,131072,4194304,4194304,8388576,544,Keccak-f[1600] permutation,262143,0,7,4,5001885.500,4943760.400,5080581.250
sha3_256,standard,verify,20,3,1048576,8,131072,4194304,32,8388576,544,Keccak-f[1600] permutation,18,0,7,9942,2278.075,2227.662,2280.544
sha3_256,shake128,commit,20,3,1048576,8,131072,4194304,4194304,8388576,544,Keccak-f[1600] permutation,262143,0,7,4,5071468.750,4996320.800,5320954.250
sha3_256,shake128,verify,20,3,1048576,8,131072,4194304,32,8388576,544,Keccak-f[1600] permutation,18,0,7,9306,2287.727,2270.249,2292.869
sha3_256,sponge-dm272,commit,20,3,1048576,8,131072,4194304,4194304,8388576,544,Keccak-f[1600] permutation,262143,0,7,4,5247208.250,5155618.750,5294002.000
sha3_256,sponge-dm272,verify,20,3,1048576,8,131072,4194304,32,8388576,544,Keccak-f[1600] permutation,18,0,7,9412,2287.129,2232.158,2296.496
sha3_256,standard,commit,20,4,1048576,16,65536,4194304,4194304,4194272,512,Keccak-f[1600] permutation,131071,0,7,8,2607734.375,2579724.000,2625248.925
sha3_256,standard,verify,20,4,1048576,16,65536,4194304,64,4194272,512,Keccak-f[1600] permutation,17,0,7,9986,2157.441,2107.881,2162.082
sha3_256,shake128,commit,20,4,1048576,16,65536,4194304,4194304,4194272,512,Keccak-f[1600] permutation,131071,0,7,8,2611078.125,2568503.125,2639495.775
sha3_256,shake128,verify,20,4,1048576,16,65536,4194304,64,4194272,512,Keccak-f[1600] permutation,17,0,7,10442,2162.046,2099.116,2165.648
sha3_256,sponge-dm272,commit,20,4,1048576,16,65536,4194304,4194304,4194272,512,Keccak-f[1600] permutation,131071,0,7,8,2739000.000,2725352.100,2798876.050
sha3_256,sponge-dm272,verify,20,4,1048576,16,65536,4194304,64,4194272,512,Keccak-f[1600] permutation,17,0,7,9338,2186.460,2149.219,2221.789
sha3_256,standard,commit,20,5,1048576,32,32768,4194304,4194304,2097120,480,Keccak-f[1600] permutation,65535,0,7,16,1346653.688,1338463.012,1431912.500
sha3_256,standard,verify,20,5,1048576,32,32768,4194304,128,2097120,480,Keccak-f[1600] permutation,16,0,7,10624,2036.894,2024.063,2041.526
sha3_256,shake128,commit,20,5,1048576,32,32768,4194304,4194304,2097120,480,Keccak-f[1600] permutation,65535,0,7,15,1345288.933,1341642.787,1355835.013
sha3_256,shake128,verify,20,5,1048576,32,32768,4194304,128,2097120,480,Keccak-f[1600] permutation,16,0,7,10400,2040.441,1996.713,2055.262
sha3_256,sponge-dm272,commit,20,5,1048576,32,32768,4194304,4194304,2097120,480,Keccak-f[1600] permutation,65535,0,7,14,1427586.286,1424910.114,1447311.914
sha3_256,sponge-dm272,verify,20,5,1048576,32,32768,4194304,128,2097120,480,Keccak-f[1600] permutation,16,0,7,10543,2046.540,1992.541,2051.602
sha3_256,standard,commit,20,6,1048576,64,16384,4194304,4194304,1048544,448,Keccak-f[1600] permutation,49151,0,7,20,978168.750,975525.430,984762.100
sha3_256,standard,verify,20,6,1048576,64,16384,4194304,256,1048544,448,Keccak-f[1600] permutation,16,0,7,10802,2032.733,2004.763,2036.773
sha3_256,shake128,commit,20,6,1048576,64,16384,4194304,4194304,1048544,448,Keccak-f[1600] permutation,49151,0,7,22,978412.864,975279.545,981466.291
sha3_256,shake128,verify,20,6,1048576,64,16384,4194304,256,1048544,448,Keccak-f[1600] permutation,16,0,7,10355,2060.808,2000.818,2066.857
sha3_256,sponge-dm272,commit,20,6,1048576,64,16384,4194304,4194304,1048544,448,Keccak-f[1600] permutation,49151,0,7,20,1034335.450,1032052.500,1037992.500
sha3_256,sponge-dm272,verify,20,6,1048576,64,16384,4194304,256,1048544,448,Keccak-f[1600] permutation,16,0,7,10443,2067.705,2046.181,2077.465
sha3_256,standard,commit,20,7,1048576,128,8192,4194304,4194304,524256,416,Keccak-f[1600] permutation,40959,0,7,20,824581.250,818018.340,827295.430
sha3_256,standard,verify,20,7,1048576,128,8192,4194304,512,524256,416,Keccak-f[1600] permutation,17,0,7,9869,2188.431,2171.660,2194.939
sha3_256,shake128,commit,20,7,1048576,128,8192,4194304,4194304,524256,416,Keccak-f[1600] permutation,40959,0,7,27,817231.481,816479.637,818929.319
sha3_256,shake128,verify,20,7,1048576,128,8192,4194304,512,524256,416,Keccak-f[1600] permutation,17,0,7,9885,2186.069,2165.733,2196.324
sha3_256,sponge-dm272,commit,20,7,1048576,128,8192,4194304,4194304,524256,416,Keccak-f[1600] permutation,40959,0,7,25,864063.320,860528.000,865794.312
sha3_256,sponge-dm272,verify,20,7,1048576,128,8192,4194304,512,524256,416,Keccak-f[1600] permutation,17,0,7,9576,2236.842,2194.600,2249.145
sha3_256,standard,commit,20,8,1048576,256,4096,4194304,4194304,262112,384,Keccak-f[1600] permutation,36863,0,7,29,735719.828,735492.255,738719.248
sha3_256,standard,verify,20,8,1048576,256,4096,4194304,1024,262112,384,Keccak-f[1600] permutation,20,0,7,8414,2561.292,2538.294,2574.331
sha3_256,shake128,commit,20,8,1048576,256,4096,4194304,4194304,262112,384,Keccak-f[1600] permutation,32767,0,7,32,667748.719,666251.281,669962.762
sha3_256,shake128,verify,20,8,1048576,256,4096,4194304,1024,262112,384,Keccak-f[1600] permutation,19,0,7,8612,2481.566,2433.149,2491.819
sha3_256,sponge-dm272,commit,20,8,1048576,256,4096,4194304,4194304,262112,384,Keccak-f[1600] permutation,32767,0,7,31,696658.613,695373.387,698484.677
sha3_256,sponge-dm272,verify,20,8,1048576,256,4096,4194304,1024,262112,384,Keccak-f[1600] permutation,19,0,7,8598,2511.824,2486.624,2516.449
sha3_256,standard,commit,20,9,1048576,512,2048,4194304,4194304,131040,352,Keccak-f[1600] permutation,34815,0,7,31,685438.194,684848.652,687977.684
sha3_256,standard,verify,20,9,1048576,512,2048,4194304,2048,131040,352,Keccak-f[1600] permutation,27,0,7,6102,3436.571,3410.548,3446.168
sha3_256,shake128,commit,20,9,1048576,512,2048,4194304,4194304,131040,352,Keccak-f[1600] permutation,28671,0,7,34,583850.500,581871.088,586048.053
sha3_256,shake128,verify,20,9,1048576,512,2048,4194304,2048,131040,352,Keccak-f[1600] permutation,24,0,7,6786,3136.556,3106.852,3156.674
sha3_256,sponge-dm272,commit,20,9,1048576,512,2048,4194304,4194304,131040,352,Keccak-f[1600] permutation,28671,0,7,35,607421.429,606467.611,609330.703
sha3_256,sponge-dm272,verify,20,9,1048576,512,2048,4194304,2048,131040,352,Keccak-f[1600] permutation,24,0,7,6580,3243.573,3154.001,3255.821
sha3_256,standard,commit,20,10,1048576,1024,1024,4194304,4194304,65504,320,Keccak-f[1600] permutation,32767,0,7,27,637356.481,636502.474,646982.407
sha3_256,standard,verify,20,10,1048576,1024,1024,4194304,4096,65504,320,Keccak-f[1600] permutation,41,0,7,4076,5282.896,5260.216,5312.940
sha3_256,shake128,commit,20,10,1048576,1024,1024,4194304,4194304,65504,320,Keccak-f[1600] permutation,26623,0,7,40,533551.050,532811.050,535523.750
sha3_256,shake128,verify,20,10,1048576,1024,1024,4194304,4096,65504,320,Keccak-f[1600] permutation,35,0,7,4657,4622.718,4471.709,4643.173
sha3_256,sponge-dm272,commit,20,10,1048576,1024,1024,4194304,4194304,65504,320,Keccak-f[1600] permutation,26623,0,7,38,556259.868,554706.805,558006.153
sha3_256,sponge-dm272,verify,20,10,1048576,1024,1024,4194304,4096,65504,320,Keccak-f[1600] permutation,35,0,7,4491,4783.966,4715.045,4803.244
sha3_256,standard,commit,20,11,1048576,2048,512,4194304,4194304,32736,288,Keccak-f[1600] permutation,31743,0,7,36,599835.639,598502.772,600975.456
sha3_256,standard,verify,20,11,1048576,2048,512,4194304,8192,32736,288,Keccak-f[1600] permutation,70,0,7,2338,9143.908,9050.460,9174.743
sha3_256,shake128,commit,20,11,1048576,2048,512,4194304,4194304,32736,288,Keccak-f[1600] permutation,25599,0,7,43,493728.674,492246.121,494757.163
sha3_256,shake128,verify,20,11,1048576,2048,512,4194304,8192,32736,288,Keccak-f[1600] permutation,58,0,7,2750,7643.879,7522.812,7738.206
sha3_256,sponge-dm272,commit,20,11,1048576,2048,512,4194304,4194304,32736,288,Keccak-f[1600] permutation,26111,0,7,40,522964.600,522204.590,523301.260
sha3_256,sponge-dm272,verify,20,11,1048576,2048,512,4194304,8192,32736,288,Keccak-f[1600] permutation,59,0,7,2625,8202.190,8075.543,8233.613
sha3_256,standard,commit,20,12,1048576,4096,256,4194304,4194304,16352,256,Keccak-f[1600] permutation,31231,0,7,38,575698.447,574441.895,577109.216
sha3_256,standard,verify,20,12,1048576,4096,256,4194304,16384,16352,256,Keccak-f[1600] permutation,129,0,7,1258,16811.804,16528.961,16929.948
sha3_256,shake128,commit,20,12,1048576,4096,256,4194304,4194304,16352,256,Keccak-f[1600] permutation,25343,0,7,45,474534.244,473612.969,476670.920
sha3_256,shake128,verify,20,12,1048576,4096,256,4194304,16384,16352,256,Keccak-f[1600] permutation,106,0,7,1502,14230.499,13870.217,14317.366
sha3_256,sponge-dm272,commit,20,12,1048576,4096,256,4194304,4194304,16352,256,Keccak-f[1600] permutation,25599,0,7,43,496861.442,496405.237,497855.242
sha3_256,sponge-dm272,verify,20,12,1048576,4096,256,4194304,16384,16352,256,Keccak-f[1600] permutation,107,0,7,1421,15000.762,14823.170,15048.704
sha3_256,standard,commit,20,13,1048576,8192,128,4194304,4194304,8160,224,Keccak-f[1600] permutation,30975,0,7,38,561561.421,557657.237,564203.942
sha3_256,standard,verify,20,13,1048576,8192,128,4194304,32768,8160,224,Keccak-f[1600] permutation,248,0,7,651,32612.519,32453.494,32842.985
sha3_256,shake128,commit,20,13,1048576,8192,128,4194304,4194304,8160,224,Keccak-f[1600] permutation,25215,0,7,47,458402.489,456516.149,460970.923
sha3_256,shake128,verify,20,13,1048576,8192,128,4194304,32768,8160,224,Keccak-f[1600] permutation,203,0,7,778,27295.148,26777.902,27426.147
sha3_256,sponge-dm272,commit,20,13,1048576,8192,128,4194304,4194304,8160,224,Keccak-f[1600] permutation,25471,0,7,45,480111.111,478512.596,481449.813
sha3_256,sponge-dm272,verify,20,13,1048576,8192,128,4194304,32768,8160,224,Keccak-f[1600] permutation,205,0,7,735,28816.610,28406.826,28966.270
sha3_256,standard,commit,20,14,1048576,16384,64,4194304,4194304,4064,192,Keccak-f[1600] permutation,30911,0,7,39,550102.564,548133.133,551280.128
sha3_256,standard,verify,20,14,1048576,16384,64,4194304,65536,4064,192,Keccak-f[1600] permutation,488,0,7,331,64132.175,63790.408,64595.671
sha3_256,shake128,commit,20,14,1048576,16384,64,4194304,4194304,4064,192,Keccak-f[1600] permutation,25087,0,7,48,448068.562,447229.867,450691.146
sha3_256,shake128,verify,20,14,1048576,16384,64,4194304,65536,4064,192,Keccak-f[1600] permutation,397,0,7,399,53770.885,52557.958,53986.758
sha3_256,sponge-dm272,commit,20,14,1048576,16384,64,4194304,4194304,4064,192,Keccak-f[1600] permutation,25343,0,7,46,471420.283,470172.461,472361.226
sha3_256,sponge-dm272,verify,20,14,1048576,16384,64,4194304,65536,4064,192,Keccak-f[1600] permutation,401,0,7,375,57013.667,55700.267,57348.245
blake3,standard,commit,20,0,1048576,1,1048576,4194304,4194304,67108832,640,BLAKE3 compression,2097151,0,7,1,22264291.000,22119816.800,22589750.000
blake3,standard,verify,20,0,1048576,1,1048576,4194304,4,67108832,640,BLAKE3 compression,21,0,7,19104,1164.529,1156.666,1168.889
blake3,t8,commit,20,0,1048576,1,1048576,4194304,4194304,67108832,640,BLAKE3 compression,4194303,3145728,7,1,31316459.000,31252041.600,31415200.000
blake3,t8,verify,20,0,1048576,1,1048576,4194304,4,67108832,640,BLAKE3 compression,23,3,7,16986,1250.002,1244.226,1259.374
blake3,abr-wide,commit,20,0,1048576,1,1048576,4194304,4194304,67108832,640,BLAKE3 compression,2097151,1048576,7,1,19210250.000,18842916.400,19324650.400
blake3,abr-wide,verify,20,0,1048576,1,1048576,4194304,4,67108832,640,BLAKE3 compression,21,1,7,18687,1155.333,1144.939,1166.617
blake3,t277,commit,20,0,1048576,1,1048576,4194304,4194304,67108832,640,BLAKE3 compression,2097151,1048576,7,1,18925042.000,18728308.200,19363583.200
blake3,t277,verify,20,0,1048576,1,1048576,4194304,4,67108832,640,BLAKE3 compression,21,1,7,18294,1159.581,1146.964,1170.698
blake3,standard,commit,20,1,1048576,2,524288,4194304,4194304,33554400,608,BLAKE3 compression,1048575,0,7,2,10052562.500,10039762.400,10093983.600
blake3,standard,verify,20,1,1048576,2,524288,4194304,8,33554400,608,BLAKE3 compression,20,0,7,19608,1103.355,1097.408,1110.234
blake3,t8,commit,20,1,1048576,2,524288,4194304,4194304,33554400,608,BLAKE3 compression,2097151,1572864,7,1,14527208.000,14490374.800,14673700.000
blake3,t8,verify,20,1,1048576,2,524288,4194304,8,33554400,608,BLAKE3 compression,22,3,7,16057,1201.086,1199.880,1221.380
blake3,abr-wide,commit,20,1,1048576,2,524288,4194304,4194304,33554400,608,BLAKE3 compression,1048575,524288,7,3,8310236.333,8278225.000,8363844.533
blake3,abr-wide,verify,20,1,1048576,2,524288,4194304,8,33554400,608,BLAKE3 compression,20,1,7,19431,1106.904,1086.757,1114.205
blake3,t277,commit,20,1,1048576,2,524288,4194304,4194304,33554400,608,BLAKE3 compression,1048575,524288,7,3,8311653.000,8275322.133,8342300.000
blake3,t277,verify,20,1,1048576,2,524288,4194304,8,33554400,608,BLAKE3 compression,20,1,7,20246,1101.417,1088.396,1103.462
blake3,standard,commit,20,2,1048576,4,262144,4194304,4194304,16777184,576,BLAKE3 compression,524287,0,7,4,5111552.000,5091983.400,5119485.250
blake3,standard,verify,20,2,1048576,4,262144,4194304,16,16777184,576,BLAKE3 compression,19,0,7,20206,1057.157,1035.445,1063.324
blake3,t8,commit,20,2,1048576,4,262144,4194304,4194304,16777184,576,BLAKE3 compression,1048575,786432,7,3,7320097.000,7311041.800,7332038.867
blake3,t8,verify,20,2,1048576,4,262144,4194304,16,16777184,576,BLAKE3 compression,21,3,7,18761,1148.311,1135.963,1149.442
blake3,abr-wide,commit,20,2,1048576,4,262144,4194304,4194304,16777184,576,BLAKE3 compression,524287,262144,7,5,4254608.400,4238798.320,4278176.680
blake3,abr-wide,verify,20,2,1048576,4,262144,4194304,16,16777184,576,BLAKE3 compression,19,1,7,20720,1053.425,1042.787,1056.157
blake3,t277,commit,20,2,1048576,4,262144,4194304,4194304,16777184,576,BLAKE3 compression,524287,262144,7,5,4269625.000,4257784.920,4315126.600
blake3,t277,verify,20,2,1048576,4,262144,4194304,16,16777184,576,BLAKE3 compression,19,1,7,20191,1062.299,1040.631,1072.104
blake3,standard,commit,20,3,1048576,8,131072,4194304,4194304,8388576,544,BLAKE3 compression,262143,0,7,7,2948029.714,2926083.343,2988033.286
blake3,standard,verify,20,3,1048576,8,131072,4194304,32,8388576,544,BLAKE3 compression,18,0,7,20926,1006.571,989.986,1008.335
blake3,t8,commit,20,3,1048576,8,131072,4194304,4194304,8388576,544,BLAKE3 compression,524287,393216,7,5,4103116.600,4027170.000,4149565.080
blake3,t8,verify,20,3,1048576,8,131072,4194304,32,8388576,544,BLAKE3 compression,20,3,7,19962,1094.231,1081.442,1096.026
blake3,abr-wide,commit,20,3,1048576,8,131072,4194304,4194304,8388576,544,BLAKE3 compression,262143,131072,7,8,2470890.625,2465757.325,2536558.300
blake3,abr-wide,verify,20,3,1048576,8,131072,4194304,32,8388576,544,BLAKE3 compression,18,1,7,21150,1006.525,997.269,1009.042
blake3,t277,commit,20,3,1048576,8,131072,4194304,4194304,8388576,544,BLAKE3 compression,262143,131072,7,8,2469062.500,2459108.400,2496010.450
blake3,t277,verify,20,3,1048576,8,131072,4194304,32,8388576,544,BLAKE3 compression,18,1,7,21717,997.264,986.202,1006.663
blake3,standard,commit,20,4,1048576,16,65536,4194304,4194304,4194272,512,BLAKE3 compression,131071,0,7,20,1053868.750,1053163.320,1068715.010
blake3,standard,verify,20,4,1048576,16,65536,4194304,64,4194272,512,BLAKE3 compression,17,0,7,22442,951.696,935.430,953.198
blake3,t8,commit,20,4,1048576,16,65536,4194304,4194304,4194272,512,BLAKE3 compression,262143,196608,7,10,2095216.700,2079421.640,2115370.840
blake3,t8,verify,20,4,1048576,16,65536,4194304,64,4194272,512,BLAKE3 compression,19,3,7,20479,1048.306,1042.310,1049.264
blake3,abr-wide,commit,20,4,1048576,16,65536,4194304,4194304,4194272,512,BLAKE3 compression,131071,65536,7,16,1323778.625,1297897.925,1352470.312
blake3,abr-wide,verify,20,4,1048576,16,65536,4194304,64,4194272,512,BLAKE3 compression,17,1,7,23069,950.666,935.059,952.420
blake3,t277,commit,20,4,1048576,16,65536,4194304,4194304,4194272,512,BLAKE3 compression,131071,65536,7,16,1330554.688,1311876.025,1342858.863
blake3,t277,verify,20,4,1048576,16,65536,4194304,64,4194272,512,BLAKE3 compression,17,1,7,22785,942.281,928.984,948.316
blake3,standard,commit,20,5,1048576,32,32768,4194304,4194304,2097120,480,BLAKE3 compression,98303,0,7,25,816451.640,798337.680,823381.336
blake3,standard,verify,20,5,1048576,32,32768,4194304,128,2097120,480,BLAKE3 compression,17,0,7,23467,931.340,923.988,932.941
blake3,t8,commit,20,5,1048576,32,32768,4194304,4194304,2097120,480,BLAKE3 compression,131071,98304,7,19,1065846.526,1061377.642,1127134.200
blake3,t8,verify,20,5,1048576,32,32768,4194304,128,2097120,480,BLAKE3 compression,18,3,7,21971,984.770,975.275,994.880
blake3,abr-wide,commit,20,5,1048576,32,32768,4194304,4194304,2097120,480,BLAKE3 compression,98303,65536,7,22,935804.909,931674.627,940143.536
blake3,abr-wide,verify,20,5,1048576,32,32768,4194304,128,2097120,480,BLAKE3 compression,17,2,7,22994,944.346,933.610,946.070
blake3,t277,commit,20,5,1048576,32,32768,4194304,4194304,2097120,480,BLAKE3 compression,98303,65536,7,22,952857.955,947887.500,959598.455
blake3,t277,verify,20,5,1048576,32,32768,4194304,128,2097120,480,BLAKE3 compression,17,2,7,22759,951.036,935.560,952.008
blake3,standard,commit,20,6,1048576,64,16384,4194304,4194304,1048544,448,BLAKE3 compression,81919,0,7,33,610212.121,608673.758,616845.703
blake3,standard,verify,20,6,1048576,64,16384,4194304,256,1048544,448,BLAKE3 compression,18,0,7,21893,980.703,973.712,995.337
blake3,t8,commit,20,6,1048576,64,16384,4194304,4194304,1048544,448,BLAKE3 compression,65535,49152,7,38,532830.026,531171.705,534556.374
blake3,t8,verify,20,6,1048576,64,16384,4194304,256,1048544,448,BLAKE3 compression,17,3,7,23366,925.763,919.054,934.226
blake3,abr-wide,commit,20,6,1048576,64,16384,4194304,4194304,1048544,448,BLAKE3 compression,81919,65536,7,30,718750.000,705044.733,721910.833
blake3,abr-wide,verify,20,6,1048576,64,16384,4194304,256,1048544,448,BLAKE3 compression,18,4,7,22088,1016.027,1000.998,1026.565
blake3,t277,commit,20,6,1048576,64,16384,4194304,4194304,1048544,448,BLAKE3 compression,65535,49152,7,35,581329.771,577690.474,587834.760
blake3,t277,verify,20,6,1048576,64,16384,4194304,256,1048544,448,BLAKE3 compression,17,3,7,22151,980.469,958.884,999.309
blake3,standard,commit,20,7,1048576,128,8192,4194304,4194304,524256,416,BLAKE3 compression,73727,0,7,34,548253.676,547426.235,565142.900
blake3,standard,verify,20,7,1048576,128,8192,4194304,512,524256,416,BLAKE3 compression,21,0,7,19577,1119.677,1118.333,1121.092
blake3,t8,commit,20,7,1048576,128,8192,4194304,4194304,524256,416,BLAKE3 compression,81919,73728,7,30,614368.067,612489.453,621042.773
blake3,t8,verify,20,7,1048576,128,8192,4194304,512,524256,416,BLAKE3 compression,22,9,7,19741,1113.225,1095.627,1115.689
blake3,abr-wide,commit,20,7,1048576,128,8192,4194304,4194304,524256,416,BLAKE3 compression,65535,57344,7,37,564476.351,563949.773,565474.773
blake3,abr-wide,verify,20,7,1048576,128,8192,4194304,512,524256,416,BLAKE3 compression,20,7,7,18791,1143.032,1136.062,1146.026
blake3,t277,commit,20,7,1048576,128,8192,4194304,4194304,524256,416,BLAKE3 compression,57343,49152,7,43,487053.279,486163.758,490129.074
blake3,t277,verify,20,7,1048576,128,8192,4194304,512,524256,416,BLAKE3 compression,19,6,7,19441,1109.950,1089.042,1111.074
blake3,standard,commit,20,8,1048576,256,4096,4194304,4194304,262112,384,BLAKE3 compression,69631,0,7,41,512584.341,511477.044,515610.556
blake3,standard,verify,20,8,1048576,256,4096,4194304,1024,262112,384,BLAKE3 compression,28,0,7,15157,1442.947,1430.523,1447.154
blake3,t8,commit,20,8,1048576,256,4096,4194304,4194304,262112,384,BLAKE3 compression,65535,61440,7,42,490478.167,489033.738,491979.171
blake3,t8,verify,20,8,1048576,256,4096,4194304,1024,262112,384,BLAKE3 compression,27,15,7,16949,1289.203,1262.914,1289.915
blake3,abr-wide,commit,20,8,1048576,256,4096,4194304,4194304,262112,384,BLAKE3 compression,57343,53248,7,45,473753.711,472835.747,475958.884
blake3,abr-wide,verify,20,8,1048576,256,4096,4194304,1024,262112,384,BLAKE3 compression,25,13,7,14664,1455.685,1433.893,1456.923
blake3,t277,commit,20,8,1048576,256,4096,4194304,4194304,262112,384,BLAKE3 compression,57343,53248,7,45,467712.044,467302.964,468166.849
blake3,t277,verify,20,8,1048576,256,4096,4194304,1024,262112,384,BLAKE3 compression,25,13,7,14578,1470.518,1449.527,1471.714
blake3,standard,commit,20,9,1048576,512,2048,4194304,4194304,131040,352,BLAKE3 compression,69631,0,7,24,901890.625,901528.458,907377.083
blake3,standard,verify,20,9,1048576,512,2048,4194304,2048,131040,352,BLAKE3 compression,44,0,7,9677,2216.445,2156.602,2219.257
blake3,t8,commit,20,9,1048576,512,2048,4194304,4194304,131040,352,BLAKE3 compression,57343,55296,7,50,422180.000,420928.340,423976.168
blake3,t8,verify,20,9,1048576,512,2048,4194304,2048,131040,352,BLAKE3 compression,38,27,7,13126,1678.047,1664.906,1681.175
blake3,abr-wide,commit,20,9,1048576,512,2048,4194304,4194304,131040,352,BLAKE3 compression,53247,51200,7,51,416808.824,415191.024,421375.980
blake3,abr-wide,verify,20,9,1048576,512,2048,4194304,2048,131040,352,BLAKE3 compression,36,25,7,10293,2101.809,2071.313,2110.624
blake3,t277,commit,20,9,1048576,512,2048,4194304,4194304,131040,352,BLAKE3 compression,53247,51200,7,51,410467.333,409868.133,412636.773
blake3,t277,verify,20,9,1048576,512,2048,4194304,2048,131040,352,BLAKE3 compression,36,25,7,13485,1574.611,1552.388,1584.790
blake3,standard,commit,20,10,1048576,1024,1024,4194304,4194304,65504,320,BLAKE3 compression,69631,0,7,42,510954.357,510282.743,513309.329
blake3,standard,verify,20,10,1048576,1024,1024,4194304,4096,65504,320,BLAKE3 compression,77,0,7,10152,2191.116,2146.441,2198.064
blake3,t8,commit,20,10,1048576,1024,1024,4194304,4194304,65504,320,BLAKE3 compression,59391,58368,7,49,420797.612,419344.384,423333.498
blake3,t8,verify,20,10,1048576,1024,1024,4194304,4096,65504,320,BLAKE3 compression,67,57,7,8450,2678.797,2644.359,2695.626
blake3,abr-wide,commit,20,10,1048576,1024,1024,4194304,4194304,65504,320,BLAKE3 compression,51199,50176,7,55,380079.545,379793.633,383745.145
blake3,abr-wide,verify,20,10,1048576,1024,1024,4194304,4096,65504,320,BLAKE3 compression,59,49,7,9840,2233.482,2191.808,2244.467
blake3,t277,commit,20,10,1048576,1024,1024,4194304,4194304,65504,320,BLAKE3 compression,53247,52224,7,52,397709.942,396784.777,398933.654
blake3,t277,verify,20,10,1048576,1024,1024,4194304,4096,65504,320,BLAKE3 compression,61,51,7,7903,2694.436,2633.085,2710.150
blake3,standard,commit,20,11,1048576,2048,512,4194304,4194304,32736,288,BLAKE3 compression,69631,0,7,44,486152.455,485917.418,486664.586
blake3,standard,verify,20,11,1048576,2048,512,4194304,8192,32736,288,BLAKE3 compression,144,0,7,5728,3771.750,3698.855,3802.299
blake3,t8,commit,20,11,1048576,2048,512,4194304,4194304,32736,288,BLAKE3 compression,57343,56832,7,53,392614.000,391096.540,394855.815
blake3,t8,verify,20,11,1048576,2048,512,4194304,8192,32736,288,BLAKE3 compression,120,111,7,4767,4526.720,4447.780,4561.505
blake3,abr-wide,commit,20,11,1048576,2048,512,4194304,4194304,32736,288,BLAKE3 compression,50687,50176,7,58,363464.793,362959.921,365155.455
blake3,abr-wide,verify,20,11,1048576,2048,512,4194304,8192,32736,288,BLAKE3 compression,107,98,7,5334,4119.493,4085.371,4132.201
blake3,t277,commit,20,11,1048576,2048,512,4194304,4194304,32736,288,BLAKE3 compression,52223,51712,7,57,372259.509,372060.088,373664.632
blake3,t277,verify,20,11,1048576,2048,512,4194304,8192,32736,288,BLAKE3 compression,110,101,7,4872,4381.542,4318.791,4391.995
blake3,standard,commit,20,12,1048576,4096,256,4194304,4194304,16352,256,BLAKE3 compression,69631,0,7,45,472189.800,471552.969,477825.556
blake3,standard,verify,20,12,1048576,4096,256,4194304,16384,16352,256,BLAKE3 compression,279,0,7,3085,7038.384,6934.989,7055.883
blake3,t8,commit,20,12,1048576,4096,256,4194304,4194304,16352,256,BLAKE3 compression,56319,56064,7,55,375715.164,374135.455,377081.527
blake3,t8,verify,20,12,1048576,4096,256,4194304,16384,16352,256,BLAKE3 compression,227,219,7,2648,8504.138,8232.805,8527.146
blake3,abr-wide,commit,20,12,1048576,4096,256,4194304,4194304,16352,256,BLAKE3 compression,49919,49664,7,60,344838.883,343290.837,351341.387
blake3,abr-wide,verify,20,12,1048576,4096,256,4194304,16384,16352,256,BLAKE3 compression,202,194,7,3170,6669.282,6633.157,6793.278
blake3,t277,commit,20,12,1048576,4096,256,4194304,4194304,16352,256,BLAKE3 compression,51711,51456,7,58,355446.121,354283.331,356942.241
blake3,t277,verify,20,12,1048576,4096,256,4194304,16384,16352,256,BLAKE3 compression,209,201,7,2718,7848.617,7746.545,7984.238
blake3,standard,commit,20,13,1048576,8192,128,4194304,4194304,8160,224,BLAKE3 compression,69631,0,7,45,463655.556,463034.622,464405.933
blake3,standard,verify,20,13,1048576,8192,128,4194304,32768,8160,224,BLAKE3 compression,550,0,7,1562,13776.996,13261.913,13848.026
blake3,t8,commit,20,13,1048576,8192,128,4194304,4194304,8160,224,BLAKE3 compression,56575,56448,7,54,371985.352,371060.648,373362.504
blake3,t8,verify,20,13,1048576,8192,128,4194304,32768,8160,224,BLAKE3 compression,448,441,7,1313,16353.168,16026.155,16404.329
blake3,abr-wide,commit,20,13,1048576,8192,128,4194304,4194304,8160,224,BLAKE3 compression,49663,49536,7,62,336404.581,335850.145,339549.729
blake3,abr-wide,verify,20,13,1048576,8192,128,4194304,32768,8160,224,BLAKE3 compression,394,387,7,1670,12504.541,12419.955,12587.535
blake3,t277,commit,20,13,1048576,8192,128,4194304,4194304,8160,224,BLAKE3 compression,51583,51456,7,59,349438.559,348511.586,350980.369
blake3,t277,verify,20,13,1048576,8192,128,4194304,32768,8160,224,BLAKE3 compression,409,402,7,1428,14928.543,14615.494,15003.676
blake3,standard,commit,20,14,1048576,16384,64,4194304,4194304,4064,192,BLAKE3 compression,69631,0,7,45,462758.333,461682.404,463112.591
blake3,standard,verify,20,14,1048576,16384,64,4194304,65536,4064,192,BLAKE3 compression,1093,0,7,799,26959.846,26566.698,27030.747
blake3,t8,commit,20,14,1048576,16384,64,4194304,4194304,4064,192,BLAKE3 compression,56319,56256,7,56,371685.268,369442.561,374212.646
blake3,t8,verify,20,14,1048576,16384,64,4194304,65536,4064,192,BLAKE3 compression,885,879,7,667,31964.768,31502.162,32236.082
blake3,abr-wide,commit,20,14,1048576,16384,64,4194304,4194304,4064,192,BLAKE3 compression,49599,49536,7,63,336219.571,335525.663,338210.981
blake3,abr-wide,verify,20,14,1048576,16384,64,4194304,65536,4064,192,BLAKE3 compression,780,774,7,936,23894.275,23442.700,24055.066
blake3,t277,commit,20,14,1048576,16384,64,4194304,4194304,4064,192,BLAKE3 compression,51455,51392,7,61,348088.115,347560.518,349573.364
blake3,t277,verify,20,14,1048576,16384,64,4194304,65536,4064,192,BLAKE3 compression,809,803,7,736,29140.738,28675.974,29286.368
