benchmark,hash,scheme,elements_per_leaf,estimator,estimate_ns,lower_bound_ns,upper_bound_ns,confidence_level
experiment_leaf/blake3/standard/u32_16384,blake3,standard,16384,slope,27777.433516947447,27561.26095569513,28019.45324205357,0.95
experiment_leaf/blake3/standard/u32_64,blake3,standard,64,slope,207.90724428311978,205.14856134835554,210.47060399621623,0.95
experiment_leaf/blake3/t5/u32_16384,blake3,t5,16384,slope,56379.00573462682,55934.325873896465,56663.99657678649,0.95
experiment_leaf/blake3/t5/u32_64,blake3,t5,64,slope,266.0867665844591,264.1741446416594,267.3396352357752,0.95
experiment_leaf/blake3/t8/u32_16384,blake3,t8,16384,slope,33212.912328251456,32927.10085040456,33502.884686885714,0.95
experiment_leaf/blake3/t8/u32_64,blake3,t8,64,slope,209.11741531641007,208.3662663195536,210.41911052645577,0.95
experiment_leaf/sha256/standard/u32_16384,sha256,standard,16384,slope,22843.21798777893,22605.89231885415,23308.224234481117,0.95
experiment_leaf/sha256/standard/u32_64,sha256,standard,64,slope,104.23085821983439,102.92585427190771,105.62514455524094,0.95
experiment_leaf/sha256/t253/u32_16384,sha256,t253,16384,slope,14548.503129071576,14451.165216747555,14664.275292803206,0.95
experiment_leaf/sha256/t253/u32_64,sha256,t253,64,slope,72.63867282817907,71.92863347313515,73.3907739854568,0.95
experiment_leaf/sha256/t5/u32_16384,sha256,t5,16384,slope,31176.596472385747,31021.149921068998,31341.382494964622,0.95
experiment_leaf/sha256/t5/u32_64,sha256,t5,64,slope,124.78182649657211,124.23067346959634,125.16662874674077,0.95
experiment_leaf/sha256/t8/u32_16384,sha256,t8,16384,slope,35497.42933974422,34592.38158514749,36405.45813935577,0.95
experiment_leaf/sha256/t8/u32_64,sha256,t8,64,slope,118.29597982879257,117.79976324122723,119.07161827654966,0.95
experiment_leaf/sha3_256/standard/u32_16384,sha3_256,standard,16384,slope,65929.24252184179,65662.37277310924,66219.82277181032,0.95
experiment_leaf/sha3_256/standard/u32_64,sha3_256,standard,64,slope,284.315968956464,277.53517854445664,299.0675158890217,0.95
experiment_leaf/sha3_256/t5/u32_16384,sha3_256,t5,16384,slope,103102.57960231858,102904.63665490322,103563.78691389762,0.95
experiment_leaf/sha3_256/t5/u32_64,sha3_256,t5,64,slope,582.5606279769798,580.4490734937098,585.3168938517988,0.95
experiment_leaf/sha3_256/t8/u32_16384,sha3_256,t8,16384,slope,61489.83490204711,61326.28674670433,61719.980335909946,0.95
experiment_leaf/sha3_256/t8/u32_64,sha3_256,t8,64,slope,315.04617912582023,313.2604192950981,316.90977048571955,0.95
