hash,scheme,operation,total_log,width_log,total_elements,elements_per_leaf,leaves,matrix_bytes,operation_input_bytes,digest_bytes,path_bytes,primitive,native_calls,abstract_leaf_calls,samples,iterations_per_sample,median_ns,p10_ns,p90_ns
sha256,standard,commit,20,0,1048576,1,1048576,4194304,4194304,67108832,640,SHA-256 compression,2097151,0,7,1,14050541.000,13916866.800,14520433.200
sha256,standard,verify,20,0,1048576,1,1048576,4194304,4,67108832,640,SHA-256 compression,21,0,7,36192,595.058,589.945,602.550
sha256,fixed-md,commit,20,0,1048576,1,1048576,4194304,4194304,67108832,640,SHA-256 compression,3145727,1048576,7,1,19178084.000,18966292.000,19710316.400
sha256,fixed-md,verify,20,0,1048576,1,1048576,4194304,4,67108832,640,SHA-256 compression,22,1,7,35914,606.241,604.157,606.841
sha256,t5,commit,20,0,1048576,1,1048576,4194304,4194304,67108832,640,SHA-256 compression,4194303,3145728,7,1,27277875.000,26830407.800,27642675.200
sha256,t5,verify,20,0,1048576,1,1048576,4194304,4,67108832,640,SHA-256 compression,23,3,7,34027,650.202,644.175,668.010
sha256,t8,commit,20,0,1048576,1,1048576,4194304,4194304,67108832,640,SHA-256 compression,7340031,3145728,7,1,47945958.000,47561633.000,48626774.600
sha256,t8,verify,20,0,1048576,1,1048576,4194304,4,67108832,640,SHA-256 compression,26,3,7,30802,717.008,708.988,720.450
sha256,abr3,commit,20,0,1048576,1,1048576,4194304,4194304,67108832,640,SHA-256 compression,8388607,7340032,7,1,53680292.000,52721216.600,54349858.400
sha256,abr3,verify,20,0,1048576,1,1048576,4194304,4,67108832,640,SHA-256 compression,27,7,7,27593,725.545,723.049,729.880
sha256,t253,commit,20,0,1048576,1,1048576,4194304,4194304,67108832,640,SHA-256 compression,2097151,0,7,1,14601334.000,14460583.600,14986275.000
sha256,t253,verify,20,0,1048576,1,1048576,4194304,4,67108832,640,SHA-256 compression,21,0,7,35609,584.422,583.967,596.904
sha256,standard,commit,20,4,1048576,16,65536,4194304,4194304,4194272,512,SHA-256 compression,196607,0,7,18,1164962.944,1159302.322,1190523.622
sha256,standard,verify,20,4,1048576,16,65536,4194304,64,4194272,512,SHA-256 compression,18,0,7,43660,497.682,495.278,498.698
sha256,fixed-md,commit,20,4,1048576,16,65536,4194304,4194304,4194272,512,SHA-256 compression,196607,65536,7,17,1256112.706,1233407.341,1260646.071
sha256,fixed-md,verify,20,4,1048576,16,65536,4194304,64,4194272,512,SHA-256 compression,18,1,7,43467,500.473,495.615,549.524
sha256,t5,commit,20,4,1048576,16,65536,4194304,4194304,4194272,512,SHA-256 compression,262143,196608,7,11,1841060.636,1815581.055,1864037.836
sha256,t5,verify,20,4,1048576,16,65536,4194304,64,4194272,512,SHA-256 compression,19,3,7,41392,526.185,525.424,530.663
sha256,t8,commit,20,4,1048576,16,65536,4194304,4194304,4194272,512,SHA-256 compression,458751,196608,7,7,3075821.429,3052478.543,3088747.600
sha256,t8,verify,20,4,1048576,16,65536,4194304,64,4194272,512,SHA-256 compression,22,3,7,34942,600.289,596.752,603.594
sha256,abr3,commit,20,4,1048576,16,65536,4194304,4194304,4194272,512,SHA-256 compression,524287,458752,7,6,3420027.667,3397004.233,3433938.967
sha256,abr3,verify,20,4,1048576,16,65536,4194304,64,4194272,512,SHA-256 compression,23,7,7,34258,618.845,614.798,619.817
sha256,t253,commit,20,4,1048576,16,65536,4194304,4194304,4194272,512,SHA-256 compression,196607,0,7,18,1194361.111,1178336.111,1222113.900
sha256,t253,verify,20,4,1048576,16,65536,4194304,64,4194272,512,SHA-256 compression,18,0,7,43991,494.294,492.774,498.790
sha256,standard,commit,20,6,1048576,64,16384,4194304,4194304,1048544,448,SHA-256 compression,98303,0,7,36,587576.389,585905.789,591183.339
sha256,standard,verify,20,6,1048576,64,16384,4194304,256,1048544,448,SHA-256 compression,19,0,7,43214,502.824,500.449,506.556
sha256,fixed-md,commit,20,6,1048576,64,16384,4194304,4194304,1048544,448,SHA-256 compression,147455,65536,7,20,1078060.450,1073694.160,1080082.930
sha256,fixed-md,verify,20,6,1048576,64,16384,4194304,256,1048544,448,SHA-256 compression,22,4,7,35209,604.211,601.016,609.165
sha256,t5,commit,20,6,1048576,64,16384,4194304,4194304,1048544,448,SHA-256 compression,114687,98304,7,20,873418.750,871705.020,882314.600
sha256,t5,verify,20,6,1048576,64,16384,4194304,256,1048544,448,SHA-256 compression,20,6,7,39165,561.191,552.405,562.732
sha256,t8,commit,20,6,1048576,64,16384,4194304,4194304,1048544,448,SHA-256 compression,114687,49152,7,26,849506.423,845578.192,853522.754
sha256,t8,verify,20,6,1048576,64,16384,4194304,256,1048544,448,SHA-256 compression,20,3,7,39574,564.059,548.406,566.104
sha256,abr3,commit,20,6,1048576,64,16384,4194304,4194304,1048544,448,SHA-256 compression,131071,114688,7,22,974329.545,964914.009,980604.555
sha256,abr3,verify,20,6,1048576,64,16384,4194304,256,1048544,448,SHA-256 compression,21,7,7,35521,588.473,584.055,589.867
sha256,t253,commit,20,6,1048576,64,16384,4194304,4194304,1048544,448,SHA-256 compression,81919,65536,7,38,552435.316,549829.611,553273.463
sha256,t253,verify,20,6,1048576,64,16384,4194304,256,1048544,448,SHA-256 compression,18,4,7,42011,512.803,497.403,519.272
sha256,standard,commit,20,8,1048576,256,4096,4194304,4194304,262112,384,SHA-256 compression,73727,0,7,43,489443.791,485822.102,496757.953
sha256,standard,verify,20,8,1048576,256,4096,4194304,1024,262112,384,SHA-256 compression,29,0,7,30620,708.521,705.222,720.115
sha256,fixed-md,commit,20,8,1048576,256,4096,4194304,4194304,262112,384,SHA-256 compression,135167,65536,7,20,1071085.450,1065330.830,1081887.930
sha256,fixed-md,verify,20,8,1048576,256,4096,4194304,1024,262112,384,SHA-256 compression,44,16,7,18231,1245.568,1219.834,1259.911
sha256,t5,commit,20,8,1048576,256,4096,4194304,4194304,262112,384,SHA-256 compression,102399,98304,7,29,725946.828,724351.731,727596.834
sha256,t5,verify,20,8,1048576,256,4096,4194304,1024,262112,384,SHA-256 compression,36,24,7,23000,928.406,903.680,942.263
sha256,t8,commit,20,8,1048576,256,4096,4194304,4194304,262112,384,SHA-256 compression,126975,61440,7,25,866041.680,865148.328,870556.664
sha256,t8,verify,20,8,1048576,256,4096,4194304,1024,262112,384,SHA-256 compression,42,15,7,18243,1101.523,1067.877,1112.144
sha256,abr3,commit,20,8,1048576,256,4096,4194304,4194304,262112,384,SHA-256 compression,118783,114688,7,24,859043.417,856922.933,860741.658
sha256,abr3,verify,20,8,1048576,256,4096,4194304,1024,262112,384,SHA-256 compression,40,28,7,20949,1060.196,1045.278,1062.943
sha256,t253,commit,20,8,1048576,256,4096,4194304,4194304,262112,384,SHA-256 compression,61439,57344,7,53,404507.075,403139.623,405718.238
sha256,t253,verify,20,8,1048576,256,4096,4194304,1024,262112,384,SHA-256 compression,26,14,7,33040,644.658,642.436,646.881
sha256,standard,commit,20,10,1048576,1024,1024,4194304,4194304,65504,320,SHA-256 compression,67583,0,7,48,449634.542,448592.717,450903.817
sha256,standard,verify,20,10,1048576,1024,1024,4194304,4096,65504,320,SHA-256 compression,75,0,7,11864,1724.173,1709.971,1930.461
sha256,fixed-md,commit,20,10,1048576,1024,1024,4194304,4194304,65504,320,SHA-256 compression,132095,65536,7,19,1052673.263,1047398.695,1070129.389
sha256,fixed-md,verify,20,10,1048576,1024,1024,4194304,4096,65504,320,SHA-256 compression,138,64,7,5405,3837.897,3766.682,3883.538
sha256,t5,commit,20,10,1048576,1024,1024,4194304,4194304,65504,320,SHA-256 compression,99327,98304,7,31,671048.387,667500.258,673119.077
sha256,t5,verify,20,10,1048576,1024,1024,4194304,4096,65504,320,SHA-256 compression,106,96,7,7999,2513.981,2473.639,2550.414
sha256,t8,commit,20,10,1048576,1024,1024,4194304,4194304,65504,320,SHA-256 compression,117759,58368,7,28,781540.179,780274.707,786881.243
sha256,t8,verify,20,10,1048576,1024,1024,4194304,4096,65504,320,SHA-256 compression,124,57,7,7423,3026.399,2964.831,3051.510
sha256,abr3,commit,20,10,1048576,1024,1024,4194304,4194304,65504,320,SHA-256 compression,94207,93184,7,32,678441.406,674941.938,687371.350
sha256,abr3,verify,20,10,1048576,1024,1024,4194304,4096,65504,320,SHA-256 compression,101,91,7,8110,2619.580,2585.429,2743.291
sha256,t253,commit,20,10,1048576,1024,1024,4194304,4194304,65504,320,SHA-256 compression,58367,57344,7,61,356358.607,354476.230,357288.800
sha256,t253,verify,20,10,1048576,1024,1024,4194304,4096,65504,320,SHA-256 compression,66,56,7,14180,1450.549,1408.594,1463.531
sha256,standard,commit,20,14,1048576,16384,64,4194304,4194304,4064,192,SHA-256 compression,65663,0,7,51,424513.059,420603.757,426779.416
sha256,standard,verify,20,14,1048576,16384,64,4194304,65536,4064,192,SHA-256 compression,1031,0,7,954,22637.361,22556.700,22938.968
sha256,fixed-md,commit,20,14,1048576,16384,64,4194304,4194304,4064,192,SHA-256 compression,131135,65536,7,21,1046509.905,1039355.552,1054236.524
sha256,fixed-md,verify,20,14,1048576,16384,64,4194304,65536,4064,192,SHA-256 compression,2054,1024,7,323,57918.861,56159.443,59615.583
sha256,t5,commit,20,14,1048576,16384,64,4194304,4194304,4064,192,SHA-256 compression,98367,98304,7,32,647868.469,643416.669,652200.256
sha256,t5,verify,20,14,1048576,16384,64,4194304,65536,4064,192,SHA-256 compression,1542,1536,7,582,36014.677,35242.526,36774.097
sha256,t8,commit,20,14,1048576,16384,64,4194304,4194304,4064,192,SHA-256 compression,112575,56256,7,30,723304.167,719281.407,729250.567
sha256,t8,verify,20,14,1048576,16384,64,4194304,65536,4064,192,SHA-256 compression,1764,879,7,523,42338.671,41423.215,43527.150
sha256,abr3,commit,20,14,1048576,16384,64,4194304,4194304,4064,192,SHA-256 compression,91903,91840,7,33,638060.606,636865.152,640805.552
sha256,abr3,verify,20,14,1048576,16384,64,4194304,65536,4064,192,SHA-256 compression,1441,1435,7,550,36285.153,35372.545,36465.789
sha256,t253,commit,20,14,1048576,16384,64,4194304,4194304,4064,192,SHA-256 compression,57023,56960,7,67,324656.090,322685.316,326068.660
sha256,t253,verify,20,14,1048576,16384,64,4194304,65536,4064,192,SHA-256 compression,896,890,7,1180,18187.712,17950.699,18271.660
sha3_256,standard,commit,20,0,1048576,1,1048576,4194304,4194304,67108832,640,Keccak-f[1600] permutation,2097151,0,7,1,38763417.000,38648942.000,39194083.600
sha3_256,standard,verify,20,0,1048576,1,1048576,4194304,4,67108832,640,Keccak-f[1600] permutation,21,0,7,7755,2781.313,2741.644,2793.034
sha3_256,fixed-md,commit,20,0,1048576,1,1048576,4194304,4194304,67108832,640,Keccak-f[1600] permutation,2097151,1048576,7,1,45484125.000,44719841.800,45582183.000
sha3_256,fixed-md,verify,20,0,1048576,1,1048576,4194304,4,67108832,640,Keccak-f[1600] permutation,21,1,7,7665,2768.836,2742.464,2776.576
sha3_256,t5,commit,20,0,1048576,1,1048576,4194304,4194304,67108832,640,Keccak-f[1600] permutation,4194303,3145728,7,1,81094541.000,80710300.200,81222757.800
sha3_256,t5,verify,20,0,1048576,1,1048576,4194304,4,67108832,640,Keccak-f[1600] permutation,23,3,7,7366,2921.339,2905.160,2935.089
sha3_256,t8,commit,20,0,1048576,1,1048576,4194304,4194304,67108832,640,Keccak-f[1600] permutation,4194303,3145728,7,1,82225958.000,81974049.800,82820966.400
sha3_256,t8,verify,20,0,1048576,1,1048576,4194304,4,67108832,640,Keccak-f[1600] permutation,23,3,7,7335,2917.564,2908.868,2920.694
sha3_256,abr3,commit,20,0,1048576,1,1048576,4194304,4194304,67108832,640,Keccak-f[1600] permutation,8388607,7340032,7,1,161652667.000,160747266.400,162025716.600
sha3_256,abr3,verify,20,0,1048576,1,1048576,4194304,4,67108832,640,Keccak-f[1600] permutation,27,7,7,6630,3221.826,3204.725,3229.360
sha3_256,standard,commit,20,4,1048576,16,65536,4194304,4194304,4194272,512,Keccak-f[1600] permutation,131071,0,7,8,2613010.500,2594034.325,2659361.450
sha3_256,standard,verify,20,4,1048576,16,65536,4194304,64,4194272,512,Keccak-f[1600] permutation,17,0,7,9582,2239.446,2229.448,2244.838
sha3_256,fixed-md,commit,20,4,1048576,16,65536,4194304,4194304,4194272,512,Keccak-f[1600] permutation,131071,65536,7,7,2990833.286,2972066.686,3029276.114
sha3_256,fixed-md,verify,20,4,1048576,16,65536,4194304,64,4194272,512,Keccak-f[1600] permutation,17,1,7,9665,2236.041,2226.108,2246.990
sha3_256,t5,commit,20,4,1048576,16,65536,4194304,4194304,4194272,512,Keccak-f[1600] permutation,262143,196608,7,4,5209708.250,5182397.950,5240641.600
sha3_256,t5,verify,20,4,1048576,16,65536,4194304,64,4194272,512,Keccak-f[1600] permutation,19,3,7,9201,2387.662,2339.104,2400.023
sha3_256,t8,commit,20,4,1048576,16,65536,4194304,4194304,4194272,512,Keccak-f[1600] permutation,262143,196608,7,4,5297906.250,5285166.550,5342206.150
sha3_256,t8,verify,20,4,1048576,16,65536,4194304,64,4194272,512,Keccak-f[1600] permutation,19,3,7,9012,2396.827,2388.096,2413.152
sha3_256,abr3,commit,20,4,1048576,16,65536,4194304,4194304,4194272,512,Keccak-f[1600] permutation,524287,458752,7,2,10243416.500,10186479.200,10304233.100
sha3_256,abr3,verify,20,4,1048576,16,65536,4194304,64,4194272,512,Keccak-f[1600] permutation,23,7,7,8035,2700.793,2645.351,2702.809
sha3_256,standard,commit,20,6,1048576,64,16384,4194304,4194304,1048544,448,Keccak-f[1600] permutation,49151,0,7,21,985734.095,981727.390,996346.819
sha3_256,standard,verify,20,6,1048576,64,16384,4194304,256,1048544,448,Keccak-f[1600] permutation,16,0,7,9938,2111.059,2094.376,2113.307
sha3_256,fixed-md,commit,20,6,1048576,64,16384,4194304,4194304,1048544,448,Keccak-f[1600] permutation,81919,65536,7,11,1904435.545,1896476.509,1911177.273
sha3_256,fixed-md,verify,20,6,1048576,64,16384,4194304,256,1048544,448,Keccak-f[1600] permutation,18,4,7,8743,2376.649,2344.396,2385.356
sha3_256,t5,commit,20,6,1048576,64,16384,4194304,4194304,1048544,448,Keccak-f[1600] permutation,114687,98304,7,9,2270444.444,2264863.933,2282044.444
sha3_256,t5,verify,20,6,1048576,64,16384,4194304,256,1048544,448,Keccak-f[1600] permutation,20,6,7,8787,2424.970,2396.409,2436.026
sha3_256,t8,commit,20,6,1048576,64,16384,4194304,4194304,1048544,448,Keccak-f[1600] permutation,65535,49152,7,16,1382934.938,1372240.625,1393208.863
sha3_256,t8,verify,20,6,1048576,64,16384,4194304,256,1048544,448,Keccak-f[1600] permutation,17,3,7,10142,2131.614,2118.427,2142.571
sha3_256,abr3,commit,20,6,1048576,64,16384,4194304,4194304,1048544,448,Keccak-f[1600] permutation,131071,114688,7,8,2614437.500,2607026.050,2618379.250
sha3_256,abr3,verify,20,6,1048576,64,16384,4194304,256,1048544,448,Keccak-f[1600] permutation,21,7,7,8875,2442.155,2413.879,2453.875
sha3_256,standard,commit,20,8,1048576,256,4096,4194304,4194304,262112,384,Keccak-f[1600] permutation,36863,0,7,26,745213.115,740849.992,766678.831
sha3_256,standard,verify,20,8,1048576,256,4096,4194304,1024,262112,384,Keccak-f[1600] permutation,20,0,7,7965,2662.068,2646.940,2671.560
sha3_256,fixed-md,commit,20,8,1048576,256,4096,4194304,4194304,262112,384,Keccak-f[1600] permutation,69631,65536,7,13,1667939.154,1652191.046,1679716.000
sha3_256,fixed-md,verify,20,8,1048576,256,4096,4194304,1024,262112,384,Keccak-f[1600] permutation,28,16,7,5735,3731.175,3668.772,3816.348
sha3_256,t5,commit,20,8,1048576,256,4096,4194304,4194304,262112,384,Keccak-f[1600] permutation,102399,98304,7,10,2043008.300,2029349.120,2146372.540
sha3_256,t5,verify,20,8,1048576,256,4096,4194304,1024,262112,384,Keccak-f[1600] permutation,36,24,7,5459,3918.888,3892.489,4086.067
sha3_256,t8,commit,20,8,1048576,256,4096,4194304,4194304,262112,384,Keccak-f[1600] permutation,65535,61440,7,15,1382994.400,1377210.520,1432284.413
sha3_256,t8,verify,20,8,1048576,256,4096,4194304,1024,262112,384,Keccak-f[1600] permutation,27,15,7,6745,3079.930,3046.538,3124.839
sha3_256,abr3,commit,20,8,1048576,256,4096,4194304,4194304,262112,384,Keccak-f[1600] permutation,118783,114688,7,9,2403171.222,2390008.378,2413693.489
sha3_256,abr3,verify,20,8,1048576,256,4096,4194304,1024,262112,384,Keccak-f[1600] permutation,40,28,7,5423,4035.712,3988.329,4073.792
sha3_256,standard,commit,20,10,1048576,1024,1024,4194304,4194304,65504,320,Keccak-f[1600] permutation,32767,0,7,32,658291.656,654358.344,659445.037
sha3_256,standard,verify,20,10,1048576,1024,1024,4194304,4096,65504,320,Keccak-f[1600] permutation,41,0,7,3833,5726.563,5650.233,5768.367
sha3_256,fixed-md,commit,20,10,1048576,1024,1024,4194304,4194304,65504,320,Keccak-f[1600] permutation,66559,65536,7,14,1590297.643,1582736.286,1896102.971
sha3_256,fixed-md,verify,20,10,1048576,1024,1024,4194304,4096,65504,320,Keccak-f[1600] permutation,74,64,7,2178,9921.048,9793.588,9958.927
sha3_256,t5,commit,20,10,1048576,1024,1024,4194304,4194304,65504,320,Keccak-f[1600] permutation,99327,98304,7,11,1980340.909,1971590.182,2119468.891
sha3_256,t5,verify,20,10,1048576,1024,1024,4194304,4096,65504,320,Keccak-f[1600] permutation,106,96,7,1941,10838.099,10695.505,10933.282
sha3_256,t8,commit,20,10,1048576,1024,1024,4194304,4194304,65504,320,Keccak-f[1600] permutation,59391,58368,7,17,1231482.882,1226007.871,1241548.071
sha3_256,t8,verify,20,10,1048576,1024,1024,4194304,4096,65504,320,Keccak-f[1600] permutation,67,57,7,2957,6940.776,6878.320,6975.735
sha3_256,abr3,commit,20,10,1048576,1024,1024,4194304,4194304,65504,320,Keccak-f[1600] permutation,94207,93184,7,11,1871454.545,1859737.145,1876212.873
sha3_256,abr3,verify,20,10,1048576,1024,1024,4194304,4096,65504,320,Keccak-f[1600] permutation,101,91,7,2414,9199.703,9061.230,9430.223
sha3_256,standard,commit,20,14,1048576,16384,64,4194304,4194304,4064,192,Keccak-f[1600] permutation,30911,0,7,37,564813.054,559534.692,574089.200
sha3_256,standard,verify,20,14,1048576,16384,64,4194304,65536,4064,192,Keccak-f[1600] permutation,488,0,7,328,67070.631,66776.323,68440.524
sha3_256,fixed-md,commit,20,14,1048576,16384,64,4194304,4194304,4064,192,Keccak-f[1600] permutation,65599,65536,7,14,1526294.643,1506907.129,1553461.871
sha3_256,fixed-md,verify,20,14,1048576,16384,64,4194304,65536,4064,192,Keccak-f[1600] permutation,1030,1024,7,150,139618.053,138771.388,141225.667
sha3_256,t5,commit,20,14,1048576,16384,64,4194304,4194304,4064,192,Keccak-f[1600] permutation,98367,98304,7,11,1896363.636,1880292.400,1916124.255
sha3_256,t5,verify,20,14,1048576,16384,64,4194304,65536,4064,192,Keccak-f[1600] permutation,1542,1536,7,143,154098.490,152186.362,155851.573
sha3_256,t8,commit,20,14,1048576,16384,64,4194304,4194304,4064,192,Keccak-f[1600] permutation,56319,56256,7,17,1110345.588,1100214.224,1136142.635
sha3_256,t8,verify,20,14,1048576,16384,64,4194304,65536,4064,192,Keccak-f[1600] permutation,885,879,7,249,88277.273,87176.741,90541.332
sha3_256,abr3,commit,20,14,1048576,16384,64,4194304,4194304,4064,192,Keccak-f[1600] permutation,91903,91840,7,12,1789822.917,1782190.983,1796501.417
sha3_256,abr3,verify,20,14,1048576,16384,64,4194304,65536,4064,192,Keccak-f[1600] permutation,1441,1435,7,172,123997.093,121960.320,126624.177
blake3,standard,commit,20,0,1048576,1,1048576,4194304,4194304,67108832,640,BLAKE3 compression,2097151,0,7,1,23461417.000,23169267.000,23547874.800
blake3,standard,verify,20,0,1048576,1,1048576,4194304,4,67108832,640,BLAKE3 compression,21,0,7,17337,1216.086,1195.217,1230.012
blake3,fixed-md,commit,20,0,1048576,1,1048576,4194304,4194304,67108832,640,BLAKE3 compression,2097151,1048576,7,1,25274500.000,24464042.000,25946141.600
blake3,fixed-md,verify,20,0,1048576,1,1048576,4194304,4,67108832,640,BLAKE3 compression,21,1,7,17356,1212.566,1194.212,1221.919
blake3,t5,commit,20,0,1048576,1,1048576,4194304,4194304,67108832,640,BLAKE3 compression,4194303,3145728,7,1,49748375.000,48982433.000,50626816.400
blake3,t5,verify,20,0,1048576,1,1048576,4194304,4,67108832,640,BLAKE3 compression,23,3,7,16262,1318.321,1300.924,1327.803
blake3,t8,commit,20,0,1048576,1,1048576,4194304,4194304,67108832,640,BLAKE3 compression,4194303,3145728,7,1,49151000.000,48738716.600,49560291.800
blake3,t8,verify,20,0,1048576,1,1048576,4194304,4,67108832,640,BLAKE3 compression,23,3,7,16763,1282.492,1275.906,1287.998
blake3,abr3,commit,20,0,1048576,1,1048576,4194304,4194304,67108832,640,BLAKE3 compression,8388607,7340032,7,1,98116667.000,97748516.600,99527225.200
blake3,abr3,verify,20,0,1048576,1,1048576,4194304,4,67108832,640,BLAKE3 compression,27,7,7,14351,1505.694,1488.983,1520.926
blake3,standard,commit,20,4,1048576,16,65536,4194304,4194304,4194272,512,BLAKE3 compression,131071,0,7,19,1137583.368,1116523.695,1157160.968
blake3,standard,verify,20,4,1048576,16,65536,4194304,64,4194272,512,BLAKE3 compression,17,0,7,21597,970.932,960.492,977.359
blake3,fixed-md,commit,20,4,1048576,16,65536,4194304,4194304,4194272,512,BLAKE3 compression,131071,65536,7,13,1638772.462,1603808.292,1680853.815
blake3,fixed-md,verify,20,4,1048576,16,65536,4194304,64,4194272,512,BLAKE3 compression,17,1,7,21868,994.878,977.192,998.104
blake3,t5,commit,20,4,1048576,16,65536,4194304,4194304,4194272,512,BLAKE3 compression,262143,196608,7,6,3254840.167,3225952.733,3272357.000
blake3,t5,verify,20,4,1048576,16,65536,4194304,64,4194272,512,BLAKE3 compression,19,3,7,19371,1087.605,1071.794,1111.039
blake3,t8,commit,20,4,1048576,16,65536,4194304,4194304,4194272,512,BLAKE3 compression,262143,196608,7,6,3258979.167,3236840.367,3305020.867
blake3,t8,verify,20,4,1048576,16,65536,4194304,64,4194272,512,BLAKE3 compression,19,3,7,19668,1082.509,1065.292,1091.484
blake3,abr3,commit,20,4,1048576,16,65536,4194304,4194304,4194272,512,BLAKE3 compression,524287,458752,7,3,6316097.000,6269574.867,6325280.667
blake3,abr3,verify,20,4,1048576,16,65536,4194304,64,4194272,512,BLAKE3 compression,23,7,7,15353,1274.764,1262.714,1316.567
blake3,standard,commit,20,6,1048576,64,16384,4194304,4194304,1048544,448,BLAKE3 compression,81919,0,7,25,632656.680,628055.344,640079.000
blake3,standard,verify,20,6,1048576,64,16384,4194304,256,1048544,448,BLAKE3 compression,18,0,7,20626,1005.392,999.435,1018.551
blake3,fixed-md,commit,20,6,1048576,64,16384,4194304,4194304,1048544,448,BLAKE3 compression,81919,65536,7,20,1063404.150,1060215.400,1071543.320
blake3,fixed-md,verify,20,6,1048576,64,16384,4194304,256,1048544,448,BLAKE3 compression,18,4,7,21162,1009.620,1006.438,1013.670
blake3,t5,commit,20,6,1048576,64,16384,4194304,4194304,1048544,448,BLAKE3 compression,114687,98304,7,13,1474269.231,1458503.831,1487902.538
blake3,t5,verify,20,6,1048576,64,16384,4194304,256,1048544,448,BLAKE3 compression,20,6,7,19716,1114.167,1109.907,1130.559
blake3,t8,commit,20,6,1048576,64,16384,4194304,4194304,1048544,448,BLAKE3 compression,65535,49152,7,25,848393.320,845215.000,852910.656
blake3,t8,verify,20,6,1048576,64,16384,4194304,256,1048544,448,BLAKE3 compression,17,3,7,22335,976.160,969.868,980.209
blake3,abr3,commit,20,6,1048576,64,16384,4194304,4194304,1048544,448,BLAKE3 compression,131071,114688,7,13,1621125.000,1606925.031,1630771.154
blake3,abr3,verify,20,6,1048576,64,16384,4194304,256,1048544,448,BLAKE3 compression,21,7,7,18905,1161.620,1152.907,1172.679
blake3,standard,commit,20,8,1048576,256,4096,4194304,4194304,262112,384,BLAKE3 compression,69631,0,7,39,523732.923,517514.523,530680.344
blake3,standard,verify,20,8,1048576,256,4096,4194304,1024,262112,384,BLAKE3 compression,28,0,7,14249,1505.860,1492.637,1523.337
blake3,fixed-md,commit,20,8,1048576,256,4096,4194304,4194304,262112,384,BLAKE3 compression,69631,65536,7,21,988878.952,981729.352,994413.905
blake3,fixed-md,verify,20,8,1048576,256,4096,4194304,1024,262112,384,BLAKE3 compression,28,16,7,12694,1587.669,1574.862,1622.813
blake3,t5,commit,20,8,1048576,256,4096,4194304,4194304,262112,384,BLAKE3 compression,102399,98304,7,15,1377088.867,1353605.013,1381512.787
blake3,t5,verify,20,8,1048576,256,4096,4194304,1024,262112,384,BLAKE3 compression,36,24,7,11081,1945.056,1904.473,1954.215
blake3,t8,commit,20,8,1048576,256,4096,4194304,4194304,262112,384,BLAKE3 compression,65535,61440,7,24,898392.333,894746.183,902105.208
blake3,t8,verify,20,8,1048576,256,4096,4194304,1024,262112,384,BLAKE3 compression,27,15,7,14165,1482.221,1473.352,1500.134
blake3,abr3,commit,20,8,1048576,256,4096,4194304,4194304,262112,384,BLAKE3 compression,118783,114688,7,14,1519916.643,1512096.414,1531584.514
blake3,abr3,verify,20,8,1048576,256,4096,4194304,1024,262112,384,BLAKE3 compression,40,28,7,10658,2100.679,2070.510,2112.447
blake3,standard,commit,20,10,1048576,1024,1024,4194304,4194304,65504,320,BLAKE3 compression,69631,0,7,41,512536.585,511394.907,520248.780
blake3,standard,verify,20,10,1048576,1024,1024,4194304,4096,65504,320,BLAKE3 compression,77,0,7,8956,2377.419,2317.419,2406.323
blake3,fixed-md,commit,20,10,1048576,1024,1024,4194304,4194304,65504,320,BLAKE3 compression,66559,65536,7,23,918923.913,911492.391,926777.157
blake3,fixed-md,verify,20,10,1048576,1024,1024,4194304,4096,65504,320,BLAKE3 compression,74,64,7,5015,3986.881,3918.287,4022.479
blake3,t5,commit,20,10,1048576,1024,1024,4194304,4194304,65504,320,BLAKE3 compression,99327,98304,7,16,1294656.250,1283821.887,1304514.562
blake3,t5,verify,20,10,1048576,1024,1024,4194304,4096,65504,320,BLAKE3 compression,106,96,7,3897,5389.541,5277.634,5418.416
blake3,t8,commit,20,10,1048576,1024,1024,4194304,4194304,65504,320,BLAKE3 compression,59391,58368,7,27,806913.593,801856.178,817116.667
blake3,t8,verify,20,10,1048576,1024,1024,4194304,4096,65504,320,BLAKE3 compression,67,57,7,5792,3464.613,3451.222,3504.155
blake3,abr3,commit,20,10,1048576,1024,1024,4194304,4194304,65504,320,BLAKE3 compression,94207,93184,7,18,1191488.444,1187906.478,1195129.633
blake3,abr3,verify,20,10,1048576,1024,1024,4194304,4096,65504,320,BLAKE3 compression,101,91,7,4374,4932.213,4915.259,4937.633
blake3,standard,commit,20,14,1048576,16384,64,4194304,4194304,4064,192,BLAKE3 compression,69631,0,7,46,465024.457,463784.952,466072.643
blake3,standard,verify,20,14,1048576,16384,64,4194304,65536,4064,192,BLAKE3 compression,1093,0,7,773,27636.697,27443.111,27803.255
blake3,fixed-md,commit,20,14,1048576,16384,64,4194304,4194304,4064,192,BLAKE3 compression,65599,65536,7,25,875255.000,874179.328,881082.672
blake3,fixed-md,verify,20,14,1048576,16384,64,4194304,65536,4064,192,BLAKE3 compression,1030,1024,7,401,54751.663,53005.340,55410.807
blake3,t5,commit,20,14,1048576,16384,64,4194304,4194304,4064,192,BLAKE3 compression,98367,98304,7,16,1263291.688,1260640.600,1270623.413
blake3,t5,verify,20,14,1048576,16384,64,4194304,65536,4064,192,BLAKE3 compression,1542,1536,7,274,76792.730,76080.749,77414.812
blake3,t8,commit,20,14,1048576,16384,64,4194304,4194304,4064,192,BLAKE3 compression,56319,56256,7,29,741035.931,737585.345,752168.372
blake3,t8,verify,20,14,1048576,16384,64,4194304,65536,4064,192,BLAKE3 compression,885,879,7,462,44289.864,44164.286,44619.101
blake3,abr3,commit,20,14,1048576,16384,64,4194304,4194304,4064,192,BLAKE3 compression,91903,91840,7,19,1149581.105,1143304.400,1156298.695
blake3,abr3,verify,20,14,1048576,16384,64,4194304,65536,4064,192,BLAKE3 compression,1441,1435,7,307,69685.531,69321.470,70423.561
