source,hash,scheme,operation,total_log,elements_per_leaf,samples,standard_ns,variant_ns,speedup_vs_standard,before_variant_ns,implementation_speedup,standard_fallback
newpass-after.csv,sha256,t5,commit,20,1,7,15062958.0,24667458.0,0.6106408694402156,27277875.0,1.1058243212575856,False
newpass-after.csv,sha256,t5,verify,20,1,7,603.257,682.075,0.8844437928380309,650.202,0.9532705347652384,False
newpass-after.csv,sha256,t8,commit,20,1,7,15062958.0,46183458.0,0.32615483232113107,47945958.0,1.0381630149912118,False
newpass-after.csv,sha256,t8,verify,20,1,7,603.257,750.065,0.8042729630098724,717.008,0.9559278195889689,False
newpass-after.csv,sha256,t253,commit,20,1,7,15062958.0,14537333.0,1.0361569071851076,14601334.0,1.0044025269284262,True
newpass-after.csv,sha256,t253,verify,20,1,7,603.257,613.306,0.9836150306698449,584.422,0.9529044229144994,True
newpass-after.csv,sha256,t5,commit,20,16,7,1201511.611,1635552.083,0.7346214305790468,1841060.636,1.1256508766281825,False
newpass-after.csv,sha256,t5,verify,20,16,7,518.915,543.24,0.955222369486783,526.185,0.9686050364479787,False
newpass-after.csv,sha256,t8,commit,20,16,7,1201511.611,3060494.143,0.39258745642369947,3075821.429,1.0050081082609017,False
newpass-after.csv,sha256,t8,verify,20,16,7,518.915,623.572,0.8321653313490663,600.289,0.9626618898860115,False
newpass-after.csv,sha256,t253,commit,20,16,7,1201511.611,1195921.529,1.0046742882910338,1194361.111,0.998695217067206,True
newpass-after.csv,sha256,t253,verify,20,16,7,518.915,513.899,1.009760672817032,494.294,0.9618504803473056,True
newpass-after.csv,sha256,t5,commit,20,64,7,587964.844,700373.6,0.8395017230803675,873418.75,1.2470754894245015,False
newpass-after.csv,sha256,t5,verify,20,64,7,526.911,539.252,0.9771145957734046,561.191,1.0406841328358543,False
newpass-after.csv,sha256,t8,commit,20,64,7,587964.844,695923.188,0.8448703163487635,849506.423,1.2206899233252737,False
newpass-after.csv,sha256,t8,verify,20,64,7,526.911,546.673,0.9638504188061234,564.059,1.0318032900838343,False
newpass-after.csv,sha256,t253,commit,20,64,7,587964.844,457646.289,1.2847582469962955,552435.316,1.207122900979101,False
newpass-after.csv,sha256,t253,verify,20,64,7,526.911,498.344,1.0573238566131025,512.803,1.0290140946815853,False
newpass-after.csv,sha256,t5,commit,20,256,7,494123.07,641604.788,0.7701361948065762,725946.828,1.1314548170111225,False
newpass-after.csv,sha256,t5,verify,20,256,7,732.284,860.135,0.851359379632267,928.406,1.0793724240962175,False
newpass-after.csv,sha256,t8,commit,20,256,7,494123.07,746304.586,0.662093037171823,866041.68,1.1604399815385833,False
newpass-after.csv,sha256,t8,verify,20,256,7,732.284,967.669,0.7567505004293824,1101.523,1.1383262251865047,False
newpass-after.csv,sha256,t253,commit,20,256,7,494123.07,350031.597,1.4116527600221187,404507.075,1.155630173009781,False
newpass-after.csv,sha256,t253,verify,20,256,7,732.284,606.029,1.2083316144936957,644.658,1.0637411741022296,False
newpass-after.csv,sha256,t5,commit,20,1024,7,450440.979,608982.143,0.7396620478574525,671048.387,1.1019180032016143,False
newpass-after.csv,sha256,t5,verify,20,1024,7,1719.99,2271.38,0.7572444945363611,2513.981,1.106807755637542,False
newpass-after.csv,sha256,t8,commit,20,1024,7,450440.979,674673.188,0.6676432189861975,781540.179,1.158398159139533,False
newpass-after.csv,sha256,t8,verify,20,1024,7,1719.99,2530.057,0.6798226285020457,3026.399,1.1961781888708436,False
newpass-after.csv,sha256,t253,commit,20,1024,7,450440.979,301522.957,1.493886181940037,356358.607,1.1818622719330787,False
newpass-after.csv,sha256,t253,verify,20,1024,7,1719.99,1224.696,1.4044219953359856,1450.549,1.1844155610861797,False
newpass-after.csv,sha256,t5,commit,20,16384,7,419861.098,604828.838,0.6941816785528339,647868.469,1.071160018001655,False
newpass-after.csv,sha256,t5,verify,20,16384,7,23677.514,31692.724,0.7470962104740507,36014.677,1.136370512045604,False
newpass-after.csv,sha256,t8,commit,20,16384,7,419861.098,622129.912,0.6748768864854066,723304.167,1.1626256076881898,False
newpass-after.csv,sha256,t8,verify,20,16384,7,23677.514,35401.586,0.6688263627510925,42338.671,1.195954073921999,False
newpass-after.csv,sha256,t253,commit,20,16384,7,419861.098,270550.218,1.5518786164866443,324656.09,1.1999845810510492,False
newpass-after.csv,sha256,t253,verify,20,16384,7,23677.514,14770.171,1.603062957091018,18187.712,1.2313812751389268,False
newpass-after.csv,sha3_256,t5,commit,20,1,7,38895625.0,76765666.0,0.5066799654939488,81094541.0,1.0563907698006554,False
newpass-after.csv,sha3_256,t5,verify,20,1,7,2749.108,2901.772,0.9473893882772321,2921.339,1.006743121099797,False
newpass-after.csv,sha3_256,t8,commit,20,1,7,38895625.0,80365791.0,0.4839823576178078,82225958.0,1.023146253858187,False
newpass-after.csv,sha3_256,t8,verify,20,1,7,2749.108,2995.954,0.9176068791443394,2917.564,0.9738347117479106,False
newpass-after.csv,sha3_256,t5,commit,20,16,7,2614854.25,4959104.25,0.5272835815056721,5209708.25,1.0505341261982948,False
newpass-after.csv,sha3_256,t5,verify,20,16,7,2234.973,2399.168,0.9315616913863473,2387.662,0.9952041707792033,False
newpass-after.csv,sha3_256,t8,commit,20,16,7,2614854.25,5023385.5,0.5205362499055667,5297906.25,1.054648553251587,False
newpass-after.csv,sha3_256,t8,verify,20,16,7,2234.973,2416.42,0.9249108184835417,2396.827,0.9918917241208068,False
newpass-after.csv,sha3_256,t5,commit,20,64,7,982200.429,2165087.5,0.4536539188369985,2270444.444,1.0486617487745877,False
newpass-after.csv,sha3_256,t5,verify,20,64,7,2116.791,2418.144,0.8753783893763152,2424.97,1.0028228261013405,False
newpass-after.csv,sha3_256,t8,commit,20,64,7,982200.429,1299406.25,0.755884027031577,1382934.938,1.064282196580169,False
newpass-after.csv,sha3_256,t8,verify,20,64,7,2116.791,2188.054,0.9674308769344816,2131.614,0.9742053898121344,False
newpass-after.csv,sha3_256,t5,commit,20,256,7,754489.607,1915281.25,0.3939314954396384,2043008.3,1.066688404118194,False
newpass-after.csv,sha3_256,t5,verify,20,256,7,2670.491,3397.19,0.7860882081955969,3918.888,1.1535675072633558,False
newpass-after.csv,sha3_256,t8,commit,20,256,7,754489.607,1247674.059,0.6047169142914752,1382994.4,1.1084580864881155,False
newpass-after.csv,sha3_256,t8,verify,20,256,7,2670.491,2726.674,0.9793950431918154,3079.93,1.1295556417818924,False
newpass-after.csv,sha3_256,t5,commit,20,1024,7,644397.727,1784416.667,0.3611251446577079,1980340.909,1.1097973615822543,False
newpass-after.csv,sha3_256,t5,verify,20,1024,7,5502.682,7923.58,0.6944691667150454,10838.099,1.3678285572935467,False
newpass-after.csv,sha3_256,t8,commit,20,1024,7,644397.727,1108039.474,0.5815656771448199,1231482.882,1.1114070490235983,False
newpass-after.csv,sha3_256,t8,verify,20,1024,7,5502.682,5405.703,1.0179401273062911,6940.776,1.283972870873594,False
newpass-after.csv,sha3_256,t5,commit,20,16384,7,554033.128,1728830.077,0.3204670808142124,1896363.636,1.0969057406096943,False
newpass-after.csv,sha3_256,t5,verify,20,16384,7,66561.923,104338.01,0.6379451074445449,154098.49,1.4769161305644989,False
newpass-after.csv,sha3_256,t8,commit,20,16384,7,554033.128,995057.524,0.5567850246213505,1110345.588,1.1158607027426486,False
newpass-after.csv,sha3_256,t8,verify,20,16384,7,66561.923,62507.753,1.0648586744111566,88277.273,1.4122611798251652,False
newpass-after.csv,blake3,t5,commit,20,1,7,23304584.0,34820250.0,0.6692825008436183,49748375.0,1.428719638715977,False
newpass-after.csv,blake3,t5,verify,20,1,7,1169.324,1270.436,0.9204115752387371,1318.321,1.0376917845527047,False
newpass-after.csv,blake3,t8,commit,20,1,7,23304584.0,31625333.0,0.7368960826436199,49151000.0,1.5541654533724594,False
newpass-after.csv,blake3,t8,verify,20,1,7,1169.324,1254.236,0.9322998223619797,1282.492,1.0225284555697651,False
newpass-after.csv,blake3,t5,commit,20,16,7,1112550.421,2207458.3,0.503996121240433,3254840.167,1.4744741348001908,False
newpass-after.csv,blake3,t5,verify,20,16,7,966.761,1046.441,0.9238561944725024,1087.605,1.0393371437090098,False
newpass-after.csv,blake3,t8,commit,20,16,7,1112550.421,2073329.2,0.5366009512623466,3258979.167,1.571858037305412,False
newpass-after.csv,blake3,t8,verify,20,16,7,966.761,1050.303,0.9204591436947241,1082.509,1.0306635323330504,False
newpass-after.csv,blake3,t5,commit,20,64,7,612698.903,940791.652,0.651258864486608,1474269.231,1.5670517780062103,False
newpass-after.csv,blake3,t5,verify,20,64,7,976.509,1045.283,0.9342053778737434,1114.167,1.065899856785196,False
newpass-after.csv,blake3,t8,commit,20,64,7,612698.903,538009.615,1.1388251918137189,848393.32,1.5769110743494796,False
newpass-after.csv,blake3,t8,verify,20,64,7,976.509,928.75,1.0514228802153431,976.16,1.0510471063257065,False
newpass-after.csv,blake3,t5,commit,20,256,7,516831.25,824251.615,0.6270309218623733,1377088.867,1.6707141871963456,False
newpass-after.csv,blake3,t5,verify,20,256,7,1434.414,1522.093,0.9423957668815243,1945.056,1.2778824946964475,False
newpass-after.csv,blake3,t8,commit,20,256,7,516831.25,492396.81,1.049623473393339,898392.333,1.8245291495694296,False
newpass-after.csv,blake3,t8,verify,20,256,7,1434.414,1264.098,1.1347332247974444,1482.221,1.1725522862942588,False
newpass-after.csv,blake3,t5,commit,20,1024,7,519670.643,794366.071,0.6541954169137719,1294656.25,1.6297980204141926,False
newpass-after.csv,blake3,t5,verify,20,1024,7,2233.533,3975.037,0.5618898641698178,5389.541,1.3558467506088623,False
newpass-after.csv,blake3,t8,commit,20,1024,7,519670.643,427815.958,1.214706074615384,806913.593,1.886123174956461,False
newpass-after.csv,blake3,t8,verify,20,1024,7,2233.533,2748.064,0.8127660054496547,3464.613,1.2607468385015779,False
newpass-after.csv,blake3,t5,commit,20,16384,7,472558.325,758032.75,0.623400934854068,1263291.688,1.6665397214038578,False
newpass-after.csv,blake3,t5,verify,20,16384,7,27337.638,55613.851,0.49156167948160967,76792.73,1.380820220487878,False
newpass-after.csv,blake3,t8,commit,20,16384,7,472558.325,383885.037,1.2309891750222086,741035.931,1.9303589866150475,False
newpass-after.csv,blake3,t8,verify,20,16384,7,27337.638,32304.878,0.8462387011645733,44289.864,1.3709961696806285,False
newpass-scaling.csv,sha256,t5,commit,26,256,7,27136791.0,36413000.0,0.7452500755224782,,,False
newpass-scaling.csv,sha256,t5,verify,26,256,7,905.039,1066.96,0.8482407962810227,,,False
newpass-scaling.csv,sha256,t8,commit,26,256,7,27136791.0,43877125.0,0.6184724044704387,,,False
newpass-scaling.csv,sha256,t8,verify,26,256,7,905.039,1204.474,0.7513977055544578,,,False
newpass-scaling.csv,sha256,t253,commit,26,256,7,27136791.0,18291084.0,1.4836075871719796,,,False
newpass-scaling.csv,sha256,t253,verify,26,256,7,905.039,781.867,1.1575357445703682,,,False
newpass-scaling.csv,sha256,t5,commit,26,16384,7,26035542.0,34795250.0,0.7482498904304467,,,False
newpass-scaling.csv,sha256,t5,verify,26,16384,7,23654.603,33274.389,0.7108951872865343,,,False
newpass-scaling.csv,sha256,t8,commit,26,16384,7,26035542.0,38477541.0,0.6766425640349523,,,False
newpass-scaling.csv,sha256,t8,verify,26,16384,7,23654.603,37104.857,0.6375069172211065,,,False
newpass-scaling.csv,sha256,t253,commit,26,16384,7,26035542.0,16217167.0,1.6054309609070438,,,False
newpass-scaling.csv,sha256,t253,verify,26,16384,7,23654.603,15460.557,1.529996817061636,,,False
newpass-scaling.csv,sha3_256,t5,commit,26,256,7,41049875.0,112780833.0,0.3639791789798183,,,False
newpass-scaling.csv,sha3_256,t5,verify,26,256,7,3437.191,4162.946,0.825663124143335,,,False
newpass-scaling.csv,sha3_256,t8,commit,26,256,7,41049875.0,73139750.0,0.5612526020392468,,,False
newpass-scaling.csv,sha3_256,t8,verify,26,256,7,3437.191,3870.146,0.888129543433245,,,False
newpass-scaling.csv,sha3_256,t5,commit,26,16384,7,34470416.0,107842375.0,0.3196370257980687,,,False
newpass-scaling.csv,sha3_256,t5,verify,26,16384,7,67413.031,105026.069,0.641869505750996,,,False
newpass-scaling.csv,sha3_256,t8,commit,26,16384,7,34470416.0,62326292.0,0.5530638017098787,,,False
newpass-scaling.csv,sha3_256,t8,verify,26,16384,7,67413.031,62992.592,1.0701739499781182,,,False
newpass-scaling.csv,blake3,t5,commit,26,256,7,28408959.0,48440583.0,0.5864702123836949,,,False
newpass-scaling.csv,blake3,t5,verify,26,256,7,1806.772,1895.126,0.9533782978018348,,,False
newpass-scaling.csv,blake3,t8,commit,26,256,7,28408959.0,27234125.0,1.043138305343021,,,False
newpass-scaling.csv,blake3,t8,verify,26,256,7,1806.772,1627.228,1.1103373344116496,,,False
newpass-scaling.csv,blake3,t5,commit,26,16384,7,28783958.0,46045792.0,0.625115928074383,,,False
newpass-scaling.csv,blake3,t5,verify,26,16384,7,27883.778,55683.031,0.5007589834684106,,,False
newpass-scaling.csv,blake3,t8,commit,26,16384,7,28783958.0,22767833.0,1.2642379272546491,,,False
newpass-scaling.csv,blake3,t8,verify,26,16384,7,27883.778,33001.543,0.8449234631241334,,,False
